customer_id,total_spend,purchase_count,average_purchase,previous_purchases,average_rating,subscriber,retention_risk_score,customer_segment
1,53,1,53.0,14,3.1,1,0,Developing
2,64,1,64.0,2,3.1,1,1,High Value
3,73,1,73.0,23,3.1,1,0,High Value
4,90,1,90.0,49,3.5,1,0,Premium
5,49,1,49.0,31,2.7,1,1,Developing
6,20,1,20.0,14,2.9,1,0,Low Value
7,85,1,85.0,49,3.2,1,1,Premium
8,34,1,34.0,19,3.2,1,0,Low Value
9,97,1,97.0,8,2.6,1,2,Premium
10,31,1,31.0,4,4.8,1,2,Low Value
11,34,1,34.0,26,4.1,1,0,Low Value
12,68,1,68.0,10,4.9,1,1,High Value
13,72,1,72.0,37,4.5,1,0,High Value
14,51,1,51.0,31,4.7,1,0,Developing
15,53,1,53.0,34,4.7,1,0,Developing
16,81,1,81.0,8,2.8,1,1,High Value
17,36,1,36.0,44,4.1,1,0,Low Value
18,38,1,38.0,36,4.7,1,1,Low Value
19,48,1,48.0,17,4.6,1,0,Developing
20,90,1,90.0,46,3.3,1,0,Premium
21,51,1,51.0,50,2.8,1,0,Developing
22,62,1,62.0,22,4.1,1,1,High Value
23,37,1,37.0,32,3.2,1,1,Low Value
24,88,1,88.0,40,4.4,1,0,Premium
25,22,1,22.0,16,2.9,1,0,Low Value
26,25,1,25.0,14,3.6,1,1,Low Value
27,20,1,20.0,13,3.6,1,1,Low Value
28,56,1,56.0,7,5.0,1,1,Developing
29,94,1,94.0,41,4.4,1,0,Premium
30,48,1,48.0,14,4.1,1,0,Developing
31,31,1,31.0,16,4.7,1,0,Low Value
32,79,1,79.0,45,4.7,1,0,High Value
33,67,1,67.0,37,4.9,1,1,High Value
34,38,1,38.0,45,3.3,1,1,Low Value
35,91,1,91.0,38,4.6,1,1,Premium
36,33,1,33.0,48,4.0,1,0,Low Value
37,69,1,69.0,44,4.6,1,0,High Value
38,45,1,45.0,10,2.8,1,1,Developing
39,37,1,37.0,44,3.8,1,0,Low Value
40,60,1,60.0,18,4.2,1,0,Developing
41,76,1,76.0,31,4.6,1,1,High Value
42,39,1,39.0,40,4.5,1,1,Low Value
43,100,1,100.0,15,4.1,1,1,Premium
44,69,1,69.0,19,3.7,1,0,High Value
45,53,1,53.0,45,4.6,1,0,Developing
46,21,1,21.0,25,2.9,1,1,Low Value
47,43,1,43.0,45,2.9,1,1,Developing
48,54,1,54.0,36,4.5,1,0,Developing
49,55,1,55.0,38,2.7,1,0,Developing
50,30,1,30.0,34,4.6,1,0,Low Value
51,28,1,28.0,39,3.8,1,0,Low Value
52,59,1,59.0,7,4.7,1,2,Developing
53,20,1,20.0,26,2.6,1,0,Low Value
54,24,1,24.0,35,3.9,1,0,Low Value
55,94,1,94.0,35,4.2,1,0,Premium
56,28,1,28.0,49,3.0,1,1,Low Value
57,73,1,73.0,46,4.7,1,0,High Value
58,64,1,64.0,17,4.4,1,0,High Value
59,54,1,54.0,29,4.2,1,0,Developing
60,79,1,79.0,4,4.6,1,1,High Value
61,37,1,37.0,17,4.0,1,0,Low Value
62,68,1,68.0,21,4.7,1,0,High Value
63,21,1,21.0,31,3.8,1,0,Low Value
64,79,1,79.0,43,2.7,1,0,High Value
65,83,1,83.0,18,4.8,1,0,Premium
66,36,1,36.0,44,4.8,1,0,Low Value
67,94,1,94.0,3,4.7,1,1,Premium
68,33,1,33.0,49,4.4,1,0,Low Value
69,46,1,46.0,21,3.9,1,0,Developing
70,70,1,70.0,5,4.4,1,1,High Value
71,29,1,29.0,32,4.2,1,0,Low Value
72,48,1,48.0,34,2.9,1,1,Developing
73,26,1,26.0,21,2.9,1,0,Low Value
74,85,1,85.0,43,2.7,1,0,Premium
75,58,1,58.0,3,4.5,1,1,Developing
76,85,1,85.0,21,2.7,1,1,Premium
77,43,1,43.0,32,4.2,1,0,Developing
78,53,1,53.0,36,3.3,1,0,Developing
79,91,1,91.0,50,4.7,1,0,Premium
80,96,1,96.0,43,2.6,1,0,Premium
81,72,1,72.0,24,3.8,1,0,High Value
82,96,1,96.0,36,2.6,1,0,Premium
83,28,1,28.0,21,4.0,1,0,Low Value
84,40,1,40.0,34,4.1,1,0,Developing
85,32,1,32.0,42,4.4,1,0,Low Value
86,95,1,95.0,2,4.5,1,1,Premium
87,41,1,41.0,47,3.7,1,0,Developing
88,53,1,53.0,44,3.7,1,0,Developing
89,47,1,47.0,35,3.5,1,0,Developing
90,83,1,83.0,15,3.6,1,1,Premium
91,48,1,48.0,29,2.9,1,0,Developing
92,99,1,99.0,18,4.6,1,0,Premium
93,87,1,87.0,13,4.4,1,0,Premium
94,62,1,62.0,46,4.5,1,0,High Value
95,76,1,76.0,28,4.6,1,0,High Value
96,100,1,100.0,48,3.8,1,0,Premium
97,73,1,73.0,43,3.8,1,0,High Value
98,92,1,92.0,37,4.8,1,1,Premium
99,67,1,67.0,20,2.6,1,1,High Value
100,40,1,40.0,33,3.7,1,1,Developing
101,98,1,98.0,31,2.7,1,0,Premium
102,85,1,85.0,50,4.6,1,0,Premium
103,67,1,67.0,35,4.8,1,1,High Value
104,89,1,89.0,22,4.0,1,0,Premium
105,24,1,24.0,1,4.4,1,1,Low Value
106,96,1,96.0,4,3.6,1,2,Premium
107,35,1,35.0,31,3.7,1,0,Low Value
108,67,1,67.0,46,3.1,1,0,High Value
109,79,1,79.0,32,3.4,1,0,High Value
110,85,1,85.0,43,2.6,1,0,Premium
111,26,1,26.0,26,4.0,1,0,Low Value
112,75,1,75.0,9,5.0,1,2,High Value
113,65,1,65.0,28,4.3,1,0,High Value
114,54,1,54.0,20,3.1,1,1,Developing
115,95,1,95.0,9,3.7,1,1,Premium
116,94,1,94.0,48,3.8,1,0,Premium
117,86,1,86.0,12,3.4,1,1,Premium
118,32,1,32.0,29,4.6,1,0,Low Value
119,45,1,45.0,27,4.8,1,0,Developing
120,76,1,76.0,44,4.3,1,1,High Value
121,84,1,84.0,32,4.0,1,1,Premium
122,72,1,72.0,11,4.2,1,0,High Value
123,40,1,40.0,44,4.8,1,0,Developing
124,89,1,89.0,46,3.1,1,0,Premium
125,86,1,86.0,50,3.1,1,1,Premium
126,54,1,54.0,45,3.6,1,0,Developing
127,36,1,36.0,48,3.9,1,0,Low Value
128,89,1,89.0,26,4.8,1,0,Premium
129,32,1,32.0,21,4.7,1,0,Low Value
130,67,1,67.0,49,4.2,1,0,High Value
131,39,1,39.0,13,3.7,1,0,Low Value
132,29,1,29.0,46,3.9,1,0,Low Value
133,58,1,58.0,42,4.7,1,0,Developing
134,65,1,65.0,25,2.5,1,1,High Value
135,94,1,94.0,25,4.9,1,0,Premium
136,81,1,81.0,12,4.1,1,1,High Value
137,86,1,86.0,4,3.3,1,2,Premium
138,43,1,43.0,38,4.7,1,0,Developing
139,29,1,29.0,42,4.4,1,0,Low Value
140,95,1,95.0,30,3.8,1,1,Premium
141,28,1,28.0,50,3.9,1,0,Low Value
142,46,1,46.0,45,4.9,1,0,Developing
143,58,1,58.0,33,3.1,1,0,Developing
144,48,1,48.0,25,2.7,1,1,Developing
145,43,1,43.0,25,3.2,1,0,Developing
146,95,1,95.0,44,4.5,1,1,Premium
147,30,1,30.0,21,4.0,1,0,Low Value
148,64,1,64.0,31,3.5,1,0,High Value
149,90,1,90.0,47,2.6,1,1,Premium
150,76,1,76.0,14,3.2,1,0,High Value
151,96,1,96.0,17,4.9,1,0,Premium
152,47,1,47.0,3,4.5,1,2,Developing
153,85,1,85.0,42,4.3,1,1,Premium
154,55,1,55.0,22,3.2,1,1,Developing
155,98,1,98.0,21,3.6,1,1,Premium
156,77,1,77.0,21,4.3,1,1,High Value
157,26,1,26.0,40,4.0,1,1,Low Value
158,68,1,68.0,1,3.0,1,1,High Value
159,73,1,73.0,50,4.1,1,0,High Value
160,27,1,27.0,39,3.8,1,0,Low Value
161,23,1,23.0,34,4.6,1,0,Low Value
162,49,1,49.0,29,3.0,1,0,Developing
163,74,1,74.0,31,3.0,1,0,High Value
164,67,1,67.0,8,3.4,1,1,High Value
165,65,1,65.0,5,2.6,1,1,High Value
166,60,1,60.0,7,2.8,1,1,Developing
167,31,1,31.0,30,4.0,1,0,Low Value
168,27,1,27.0,14,4.0,1,0,Low Value
169,80,1,80.0,5,3.0,1,1,High Value
170,30,1,30.0,3,3.3,1,1,Low Value
171,25,1,25.0,46,2.6,1,0,Low Value
172,35,1,35.0,4,3.6,1,1,Low Value
173,67,1,67.0,42,3.9,1,0,High Value
174,46,1,46.0,30,3.4,1,1,Developing
175,35,1,35.0,37,3.5,1,1,Low Value
176,86,1,86.0,2,2.8,1,2,Premium
177,81,1,81.0,30,2.7,1,1,High Value
178,42,1,42.0,47,3.7,1,0,Developing
179,43,1,43.0,21,4.3,1,1,Developing
180,31,1,31.0,9,4.9,1,1,Low Value
181,81,1,81.0,12,3.3,1,0,High Value
182,61,1,61.0,4,4.7,1,1,High Value
183,96,1,96.0,10,2.8,1,2,Premium
184,29,1,29.0,26,3.6,1,0,Low Value
185,33,1,33.0,40,3.0,1,0,Low Value
186,32,1,32.0,34,4.5,1,0,Low Value
187,56,1,56.0,31,2.9,1,1,Developing
188,94,1,94.0,1,3.3,1,1,Premium
189,53,1,53.0,5,3.1,1,1,Developing
190,82,1,82.0,4,4.4,1,1,Premium
191,70,1,70.0,48,3.0,1,1,High Value
192,76,1,76.0,29,3.9,1,0,High Value
193,29,1,29.0,12,2.9,1,0,Low Value
194,100,1,100.0,29,3.0,1,1,Premium
195,94,1,94.0,15,3.1,1,1,Premium
196,25,1,25.0,34,4.3,1,0,Low Value
197,88,1,88.0,41,3.9,1,0,Premium
198,78,1,78.0,41,3.2,1,0,High Value
199,45,1,45.0,39,4.8,1,0,Developing
200,73,1,73.0,32,3.8,1,0,High Value
201,61,1,61.0,29,3.3,1,0,High Value
202,22,1,22.0,15,4.3,1,1,Low Value
203,38,1,38.0,33,2.7,1,1,Low Value
204,38,1,38.0,18,3.2,1,0,Low Value
205,100,1,100.0,35,4.0,1,0,Premium
206,64,1,64.0,25,3.0,1,0,High Value
207,55,1,55.0,6,4.2,1,1,Developing
208,91,1,91.0,17,2.9,1,0,Premium
209,38,1,38.0,17,4.1,1,0,Low Value
210,97,1,97.0,44,3.2,1,0,Premium
211,22,1,22.0,6,3.0,1,1,Low Value
212,92,1,92.0,45,4.2,1,0,Premium
213,84,1,84.0,7,4.2,1,2,Premium
214,93,1,93.0,11,4.4,1,0,Premium
215,50,1,50.0,41,4.2,1,0,Developing
216,64,1,64.0,24,2.8,1,0,High Value
217,61,1,61.0,21,3.7,1,0,High Value
218,48,1,48.0,24,3.5,1,1,Developing
219,45,1,45.0,8,2.9,1,2,Developing
220,88,1,88.0,12,3.0,1,0,Premium
221,57,1,57.0,48,3.7,1,0,Developing
222,68,1,68.0,6,4.4,1,2,High Value
223,94,1,94.0,14,4.5,1,0,Premium
224,41,1,41.0,34,4.8,1,1,Developing
225,83,1,83.0,12,2.9,1,0,Premium
226,22,1,22.0,11,3.2,1,1,Low Value
227,74,1,74.0,5,3.3,1,1,High Value
228,90,1,90.0,25,4.2,1,0,Premium
229,79,1,79.0,11,2.9,1,1,High Value
230,28,1,28.0,27,4.6,1,0,Low Value
231,88,1,88.0,43,4.1,1,1,Premium
232,26,1,26.0,18,3.1,1,0,Low Value
233,27,1,27.0,32,4.2,1,0,Low Value
234,83,1,83.0,27,4.5,1,0,Premium
235,39,1,39.0,24,3.7,1,0,Low Value
236,89,1,89.0,31,3.7,1,1,Premium
237,68,1,68.0,39,3.4,1,0,High Value
238,90,1,90.0,36,3.0,1,0,Premium
239,34,1,34.0,5,4.2,1,2,Low Value
240,51,1,51.0,47,2.9,1,0,Developing
241,45,1,45.0,29,3.5,1,0,Developing
242,88,1,88.0,43,4.1,1,0,Premium
243,85,1,85.0,40,4.3,1,0,Premium
244,100,1,100.0,4,2.8,1,1,Premium
245,42,1,42.0,39,4.9,1,0,Developing
246,53,1,53.0,45,3.3,1,0,Developing
247,86,1,86.0,20,3.2,1,0,Premium
248,66,1,66.0,14,4.4,1,0,High Value
249,100,1,100.0,33,4.8,1,0,Premium
250,47,1,47.0,18,4.2,1,1,Developing
251,25,1,25.0,9,4.0,1,1,Low Value
252,51,1,51.0,34,2.5,1,1,Developing
253,41,1,41.0,33,3.9,1,0,Developing
254,73,1,73.0,15,4.9,1,0,High Value
255,42,1,42.0,4,3.5,1,1,Developing
256,20,1,20.0,25,4.2,1,1,Low Value
257,30,1,30.0,20,4.7,1,0,Low Value
258,53,1,53.0,5,4.5,1,2,Developing
259,74,1,74.0,16,2.8,1,1,High Value
260,57,1,57.0,13,2.9,1,1,Developing
261,57,1,57.0,11,3.2,1,0,Developing
262,77,1,77.0,21,4.9,1,1,High Value
263,40,1,40.0,6,3.8,1,2,Developing
264,46,1,46.0,29,4.3,1,0,Developing
265,78,1,78.0,15,3.9,1,1,High Value
266,59,1,59.0,17,3.2,1,0,Developing
267,75,1,75.0,32,3.1,1,0,High Value
268,54,1,54.0,42,3.9,1,1,Developing
269,42,1,42.0,21,2.6,1,0,Developing
270,44,1,44.0,9,3.3,1,1,Developing
271,52,1,52.0,16,4.6,1,1,Developing
272,69,1,69.0,42,4.6,1,0,High Value
273,26,1,26.0,37,4.4,1,0,Low Value
274,33,1,33.0,32,4.2,1,1,Low Value
275,32,1,32.0,28,3.0,1,0,Low Value
276,85,1,85.0,13,4.0,1,0,Premium
277,30,1,30.0,11,3.5,1,0,Low Value
278,29,1,29.0,36,3.0,1,0,Low Value
279,95,1,95.0,23,3.7,1,1,Premium
280,69,1,69.0,37,4.0,1,0,High Value
281,69,1,69.0,21,4.2,1,0,High Value
282,61,1,61.0,22,2.5,1,0,High Value
283,94,1,94.0,9,3.0,1,1,Premium
284,30,1,30.0,16,3.2,1,1,Low Value
285,45,1,45.0,4,3.5,1,2,Developing
286,39,1,39.0,3,4.8,1,1,Low Value
287,51,1,51.0,6,2.6,1,2,Developing
288,37,1,37.0,18,3.4,1,0,Low Value
289,62,1,62.0,34,3.7,1,0,High Value
290,85,1,85.0,26,4.5,1,0,Premium
291,33,1,33.0,50,3.7,1,0,Low Value
292,26,1,26.0,40,3.3,1,0,Low Value
293,99,1,99.0,24,4.7,1,1,Premium
294,39,1,39.0,33,2.7,1,1,Low Value
295,20,1,20.0,19,4.6,1,0,Low Value
296,42,1,42.0,24,2.7,1,1,Developing
297,74,1,74.0,19,4.8,1,0,High Value
298,26,1,26.0,4,4.4,1,1,Low Value
299,53,1,53.0,11,4.0,1,0,Developing
300,80,1,80.0,28,3.2,1,0,High Value
301,98,1,98.0,24,4.4,1,0,Premium
302,95,1,95.0,25,3.8,1,0,Premium
303,44,1,44.0,27,3.6,1,0,Developing
304,60,1,60.0,49,3.3,1,0,Developing
305,84,1,84.0,45,3.4,1,0,Premium
306,59,1,59.0,26,3.5,1,1,Developing
307,49,1,49.0,4,3.6,1,2,Developing
308,32,1,32.0,3,3.2,1,1,Low Value
309,29,1,29.0,45,3.7,1,0,Low Value
310,22,1,22.0,21,4.5,1,0,Low Value
311,85,1,85.0,50,4.6,1,0,Premium
312,52,1,52.0,19,4.1,1,0,Developing
313,89,1,89.0,6,3.4,1,2,Premium
314,77,1,77.0,50,3.7,1,0,High Value
315,24,1,24.0,17,3.3,1,0,Low Value
316,24,1,24.0,24,4.5,1,1,Low Value
317,22,1,22.0,46,3.3,1,0,Low Value
318,82,1,82.0,42,4.3,1,0,Premium
319,67,1,67.0,10,2.5,1,2,High Value
320,74,1,74.0,1,2.6,1,1,High Value
321,72,1,72.0,28,4.9,1,1,High Value
322,36,1,36.0,48,4.7,1,1,Low Value
323,95,1,95.0,47,3.0,1,0,Premium
324,78,1,78.0,29,3.5,1,0,High Value
325,82,1,82.0,37,4.8,1,1,Premium
326,70,1,70.0,38,4.3,1,1,High Value
327,41,1,41.0,48,3.2,1,0,Developing
328,42,1,42.0,36,3.1,1,0,Developing
329,50,1,50.0,9,2.8,1,1,Developing
330,31,1,31.0,34,2.9,1,0,Low Value
331,51,1,51.0,43,3.8,1,0,Developing
332,98,1,98.0,46,3.3,1,1,Premium
333,86,1,86.0,5,2.8,1,1,Premium
334,64,1,64.0,15,4.5,1,0,High Value
335,46,1,46.0,30,2.6,1,1,Developing
336,85,1,85.0,44,3.7,1,0,Premium
337,81,1,81.0,16,4.4,1,1,High Value
338,59,1,59.0,16,4.3,1,1,Developing
339,79,1,79.0,16,3.5,1,0,High Value
340,33,1,33.0,21,3.8,1,0,Low Value
341,47,1,47.0,39,3.5,1,0,Developing
342,20,1,20.0,40,4.6,1,0,Low Value
343,36,1,36.0,48,2.6,1,0,Low Value
344,39,1,39.0,26,4.4,1,0,Low Value
345,71,1,71.0,46,4.0,1,0,High Value
346,59,1,59.0,27,4.4,1,1,Developing
347,50,1,50.0,5,4.7,1,1,Developing
348,41,1,41.0,43,3.9,1,0,Developing
349,59,1,59.0,17,2.7,1,0,Developing
350,87,1,87.0,3,3.7,1,1,Premium
351,68,1,68.0,47,2.6,1,0,High Value
352,90,1,90.0,24,3.9,1,0,Premium
353,71,1,71.0,12,4.9,1,0,High Value
354,64,1,64.0,35,4.1,1,0,High Value
355,76,1,76.0,42,3.0,1,0,High Value
356,42,1,42.0,1,4.1,1,1,Developing
357,80,1,80.0,27,3.8,1,0,High Value
358,56,1,56.0,16,4.0,1,0,Developing
359,25,1,25.0,36,3.6,1,0,Low Value
360,74,1,74.0,30,3.0,1,0,High Value
361,30,1,30.0,18,3.0,1,0,Low Value
362,96,1,96.0,45,2.6,1,1,Premium
363,64,1,64.0,1,3.4,1,1,High Value
364,88,1,88.0,42,3.1,1,0,Premium
365,88,1,88.0,7,3.0,1,1,Premium
366,88,1,88.0,50,3.7,1,1,Premium
367,36,1,36.0,37,3.5,1,0,Low Value
368,40,1,40.0,18,2.8,1,0,Developing
369,39,1,39.0,29,4.5,1,0,Low Value
370,40,1,40.0,45,3.3,1,1,Developing
371,34,1,34.0,13,3.4,1,0,Low Value
372,83,1,83.0,47,3.2,1,0,Premium
373,85,1,85.0,7,3.7,1,1,Premium
374,27,1,27.0,11,4.6,1,0,Low Value
375,78,1,78.0,39,5.0,1,0,High Value
376,32,1,32.0,6,4.4,1,2,Low Value
377,51,1,51.0,2,4.9,1,1,Developing
378,32,1,32.0,39,4.1,1,0,Low Value
379,62,1,62.0,23,4.9,1,0,High Value
380,29,1,29.0,46,4.7,1,0,Low Value
381,69,1,69.0,19,3.0,1,0,High Value
382,25,1,25.0,3,3.4,1,1,Low Value
383,76,1,76.0,47,3.2,1,1,High Value
384,77,1,77.0,6,3.8,1,2,High Value
385,33,1,33.0,6,4.5,1,2,Low Value
386,93,1,93.0,12,2.7,1,0,Premium
387,39,1,39.0,40,3.4,1,1,Low Value
388,93,1,93.0,38,4.6,1,0,Premium
389,82,1,82.0,10,2.7,1,2,Premium
390,42,1,42.0,28,4.2,1,0,Developing
391,71,1,71.0,19,3.2,1,1,High Value
392,86,1,86.0,25,4.8,1,0,Premium
393,82,1,82.0,38,3.3,1,1,Premium
394,65,1,65.0,6,4.2,1,1,High Value
395,29,1,29.0,7,4.8,1,1,Low Value
396,65,1,65.0,2,4.9,1,2,High Value
397,88,1,88.0,24,3.9,1,1,Premium
398,46,1,46.0,26,3.0,1,1,Developing
399,67,1,67.0,25,4.6,1,0,High Value
400,35,1,35.0,10,3.5,1,1,Low Value
401,66,1,66.0,14,4.8,1,0,High Value
402,91,1,91.0,21,4.8,1,1,Premium
403,78,1,78.0,26,3.0,1,0,High Value
404,45,1,45.0,12,4.5,1,1,Developing
405,93,1,93.0,11,4.8,1,0,Premium
406,74,1,74.0,15,3.8,1,1,High Value
407,55,1,55.0,13,4.6,1,0,Developing
408,76,1,76.0,5,3.1,1,1,High Value
409,66,1,66.0,36,3.4,1,0,High Value
410,51,1,51.0,32,3.3,1,0,Developing
411,26,1,26.0,1,4.8,1,2,Low Value
412,29,1,29.0,15,2.8,1,1,Low Value
413,74,1,74.0,3,3.1,1,1,High Value
414,99,1,99.0,48,4.6,1,0,Premium
415,88,1,88.0,30,2.6,1,0,Premium
416,31,1,31.0,40,2.6,1,0,Low Value
417,55,1,55.0,24,3.8,1,0,Developing
418,81,1,81.0,48,4.5,1,1,High Value
419,73,1,73.0,27,3.0,1,0,High Value
420,91,1,91.0,14,3.8,1,0,Premium
421,54,1,54.0,18,3.8,1,0,Developing
422,40,1,40.0,48,3.5,1,0,Developing
423,59,1,59.0,32,3.1,1,1,Developing
424,26,1,26.0,21,3.0,1,0,Low Value
425,23,1,23.0,42,4.3,1,0,Low Value
426,87,1,87.0,4,3.3,1,2,Premium
427,71,1,71.0,19,4.7,1,1,High Value
428,91,1,91.0,6,4.5,1,2,Premium
429,64,1,64.0,2,2.9,1,1,High Value
430,94,1,94.0,21,4.1,1,0,Premium
431,40,1,40.0,40,3.5,1,1,Developing
432,76,1,76.0,33,3.4,1,0,High Value
433,86,1,86.0,26,3.3,1,0,Premium
434,92,1,92.0,23,3.2,1,0,Premium
435,52,1,52.0,39,4.0,1,0,Developing
436,28,1,28.0,42,3.6,1,0,Low Value
437,46,1,46.0,41,4.6,1,0,Developing
438,50,1,50.0,41,2.6,1,1,Developing
439,23,1,23.0,12,4.3,1,0,Low Value
440,50,1,50.0,31,3.4,1,0,Developing
441,89,1,89.0,34,3.5,1,0,Premium
442,81,1,81.0,32,4.2,1,1,High Value
443,69,1,69.0,31,3.8,1,1,High Value
444,67,1,67.0,24,3.6,1,1,High Value
445,20,1,20.0,31,4.3,1,1,Low Value
446,29,1,29.0,18,4.9,1,1,Low Value
447,74,1,74.0,15,4.1,1,0,High Value
448,82,1,82.0,7,3.6,1,1,Premium
449,23,1,23.0,35,3.4,1,0,Low Value
450,45,1,45.0,35,2.9,1,0,Developing
451,21,1,21.0,19,2.7,1,0,Low Value
452,31,1,31.0,26,4.3,1,0,Low Value
453,45,1,45.0,39,3.8,1,0,Developing
454,56,1,56.0,22,2.8,1,0,Developing
455,97,1,97.0,14,3.2,1,0,Premium
456,100,1,100.0,50,3.6,1,0,Premium
457,96,1,96.0,33,4.0,1,1,Premium
458,99,1,99.0,48,4.9,1,0,Premium
459,91,1,91.0,48,4.0,1,0,Premium
460,30,1,30.0,27,3.8,1,0,Low Value
461,65,1,65.0,27,3.8,1,0,High Value
462,93,1,93.0,20,3.9,1,0,Premium
463,81,1,81.0,48,3.3,1,0,High Value
464,81,1,81.0,29,2.7,1,0,High Value
465,52,1,52.0,45,4.7,1,0,Developing
466,88,1,88.0,25,2.8,1,1,Premium
467,24,1,24.0,25,4.6,1,0,Low Value
468,51,1,51.0,37,4.5,1,0,Developing
469,38,1,38.0,16,5.0,1,1,Low Value
470,46,1,46.0,30,4.1,1,0,Developing
471,63,1,63.0,6,4.6,1,1,High Value
472,72,1,72.0,36,4.9,1,1,High Value
473,39,1,39.0,3,3.9,1,2,Low Value
474,42,1,42.0,29,3.9,1,0,Developing
475,76,1,76.0,15,2.6,1,1,High Value
476,66,1,66.0,18,2.7,1,1,High Value
477,90,1,90.0,2,3.5,1,1,Premium
478,56,1,56.0,49,3.7,1,0,Developing
479,43,1,43.0,48,3.2,1,1,Developing
480,84,1,84.0,43,3.3,1,0,Premium
481,88,1,88.0,30,4.8,1,0,Premium
482,88,1,88.0,10,3.2,1,1,Premium
483,42,1,42.0,11,2.5,1,1,Developing
484,73,1,73.0,12,3.9,1,0,High Value
485,73,1,73.0,28,4.7,1,1,High Value
486,44,1,44.0,36,2.6,1,0,Developing
487,63,1,63.0,37,2.8,1,0,High Value
488,68,1,68.0,22,4.4,1,1,High Value
489,29,1,29.0,32,4.6,1,0,Low Value
490,85,1,85.0,40,3.2,1,1,Premium
491,42,1,42.0,47,4.2,1,0,Developing
492,69,1,69.0,24,3.8,1,0,High Value
493,62,1,62.0,11,3.9,1,0,High Value
494,48,1,48.0,19,4.7,1,0,Developing
495,68,1,68.0,42,4.5,1,0,High Value
496,36,1,36.0,6,3.3,1,1,Low Value
497,63,1,63.0,31,3.3,1,0,High Value
498,39,1,39.0,31,4.6,1,0,Low Value
499,78,1,78.0,27,3.6,1,0,High Value
500,99,1,99.0,24,4.8,1,0,Premium
501,31,1,31.0,35,4.8,1,0,Low Value
502,45,1,45.0,21,2.9,1,1,Developing
503,30,1,30.0,8,2.8,1,1,Low Value
504,24,1,24.0,26,3.2,1,1,Low Value
505,22,1,22.0,26,3.9,1,1,Low Value
506,63,1,63.0,9,4.3,1,1,High Value
507,40,1,40.0,48,2.7,1,1,Developing
508,20,1,20.0,33,5.0,1,0,Low Value
509,20,1,20.0,31,3.7,1,1,Low Value
510,80,1,80.0,17,3.9,1,0,High Value
511,87,1,87.0,22,3.9,1,1,Premium
512,46,1,46.0,8,3.1,1,2,Developing
513,49,1,49.0,2,3.8,1,1,Developing
514,65,1,65.0,45,3.6,1,1,High Value
515,62,1,62.0,47,4.3,1,1,High Value
516,67,1,67.0,7,4.5,1,1,High Value
517,41,1,41.0,19,2.8,1,0,Developing
518,49,1,49.0,44,2.7,1,0,Developing
519,100,1,100.0,16,2.9,1,0,Premium
520,54,1,54.0,17,4.4,1,1,Developing
521,84,1,84.0,20,3.9,1,1,Premium
522,41,1,41.0,50,3.5,1,1,Developing
523,88,1,88.0,37,2.5,1,1,Premium
524,40,1,40.0,5,4.9,1,2,Developing
525,39,1,39.0,44,4.8,1,1,Low Value
526,37,1,37.0,41,3.2,1,0,Low Value
527,52,1,52.0,19,4.9,1,0,Developing
528,23,1,23.0,47,4.3,1,0,Low Value
529,88,1,88.0,40,3.2,1,1,Premium
530,84,1,84.0,6,3.7,1,1,Premium
531,37,1,37.0,25,3.2,1,0,Low Value
532,51,1,51.0,42,3.4,1,0,Developing
533,76,1,76.0,35,4.1,1,0,High Value
534,60,1,60.0,17,4.5,1,0,Developing
535,72,1,72.0,4,4.5,1,2,High Value
536,45,1,45.0,24,3.2,1,0,Developing
537,84,1,84.0,16,4.4,1,0,Premium
538,49,1,49.0,14,3.0,1,1,Developing
539,22,1,22.0,43,3.2,1,0,Low Value
540,48,1,48.0,49,4.0,1,0,Developing
541,37,1,37.0,33,3.1,1,0,Low Value
542,27,1,27.0,45,2.8,1,0,Low Value
543,79,1,79.0,35,4.6,1,0,High Value
544,98,1,98.0,11,4.3,1,0,Premium
545,64,1,64.0,30,3.3,1,0,High Value
546,32,1,32.0,48,3.5,1,1,Low Value
547,74,1,74.0,45,3.4,1,0,High Value
548,50,1,50.0,26,2.8,1,0,Developing
549,64,1,64.0,41,4.6,1,0,High Value
550,29,1,29.0,37,3.6,1,0,Low Value
551,62,1,62.0,12,3.3,1,0,High Value
552,78,1,78.0,27,3.1,1,0,High Value
553,94,1,94.0,18,3.5,1,0,Premium
554,59,1,59.0,15,3.2,1,1,Developing
555,47,1,47.0,34,3.0,1,0,Developing
556,57,1,57.0,37,4.8,1,1,Developing
557,90,1,90.0,21,5.0,1,0,Premium
558,60,1,60.0,31,2.9,1,0,Developing
559,77,1,77.0,43,3.2,1,0,High Value
560,41,1,41.0,22,2.9,1,0,Developing
561,48,1,48.0,12,3.8,1,1,Developing
562,65,1,65.0,25,2.6,1,0,High Value
563,62,1,62.0,40,3.5,1,1,High Value
564,99,1,99.0,16,4.4,1,1,Premium
565,58,1,58.0,30,3.4,1,0,Developing
566,43,1,43.0,10,4.2,1,1,Developing
567,93,1,93.0,1,3.6,1,1,Premium
568,50,1,50.0,24,3.0,1,0,Developing
569,88,1,88.0,36,4.0,1,0,Premium
570,33,1,33.0,46,4.4,1,0,Low Value
571,99,1,99.0,20,4.1,1,1,Premium
572,76,1,76.0,37,3.6,1,0,High Value
573,97,1,97.0,26,4.6,1,1,Premium
574,68,1,68.0,23,3.2,1,0,High Value
575,79,1,79.0,20,4.8,1,0,High Value
576,86,1,86.0,38,4.8,1,0,Premium
577,68,1,68.0,5,5.0,1,1,High Value
578,52,1,52.0,41,3.7,1,1,Developing
579,90,1,90.0,22,4.6,1,0,Premium
580,41,1,41.0,48,3.7,1,1,Developing
581,80,1,80.0,10,4.1,1,1,High Value
582,100,1,100.0,12,2.7,1,0,Premium
583,77,1,77.0,2,4.9,1,2,High Value
584,78,1,78.0,38,4.0,1,0,High Value
585,94,1,94.0,20,4.7,1,0,Premium
586,23,1,23.0,5,2.8,1,1,Low Value
587,20,1,20.0,9,4.9,1,2,Low Value
588,86,1,86.0,48,4.2,1,0,Premium
589,60,1,60.0,9,3.0,1,2,Developing
590,70,1,70.0,40,3.4,1,1,High Value
591,39,1,39.0,30,4.6,1,0,Low Value
592,37,1,37.0,6,4.2,1,1,Low Value
593,29,1,29.0,42,3.2,1,0,Low Value
594,35,1,35.0,9,4.4,1,1,Low Value
595,83,1,83.0,6,2.5,1,1,Premium
596,77,1,77.0,47,3.6,1,1,High Value
597,37,1,37.0,36,4.5,1,1,Low Value
598,69,1,69.0,19,3.4,1,0,High Value
599,66,1,66.0,30,3.2,1,0,High Value
600,26,1,26.0,27,4.2,1,0,Low Value
601,63,1,63.0,25,5.0,1,0,High Value
602,38,1,38.0,5,4.7,1,1,Low Value
603,58,1,58.0,10,4.2,1,1,Developing
604,46,1,46.0,26,3.4,1,0,Developing
605,92,1,92.0,11,4.4,1,0,Premium
606,32,1,32.0,17,4.2,1,0,Low Value
607,90,1,90.0,44,4.5,1,0,Premium
608,23,1,23.0,44,2.8,1,0,Low Value
609,25,1,25.0,21,3.3,1,0,Low Value
610,54,1,54.0,49,4.6,1,0,Developing
611,72,1,72.0,27,2.5,1,0,High Value
612,33,1,33.0,19,4.7,1,0,Low Value
613,43,1,43.0,33,4.6,1,1,Developing
614,51,1,51.0,46,2.6,1,0,Developing
615,85,1,85.0,21,4.0,1,0,Premium
616,100,1,100.0,23,2.6,1,1,Premium
617,72,1,72.0,38,4.6,1,0,High Value
618,57,1,57.0,2,2.6,1,2,Developing
619,94,1,94.0,21,4.0,1,0,Premium
620,34,1,34.0,1,4.6,1,1,Low Value
621,89,1,89.0,10,3.7,1,1,Premium
622,27,1,27.0,45,4.4,1,0,Low Value
623,63,1,63.0,44,4.0,1,0,High Value
624,70,1,70.0,48,4.7,1,0,High Value
625,87,1,87.0,21,3.4,1,1,Premium
626,79,1,79.0,1,4.0,1,1,High Value
627,79,1,79.0,10,3.9,1,2,High Value
628,44,1,44.0,24,4.1,1,0,Developing
629,85,1,85.0,29,3.8,1,0,Premium
630,90,1,90.0,11,4.7,1,1,Premium
631,94,1,94.0,33,4.3,1,1,Premium
632,68,1,68.0,27,4.1,1,0,High Value
633,51,1,51.0,19,3.9,1,0,Developing
634,33,1,33.0,50,2.9,1,1,Low Value
635,60,1,60.0,46,3.9,1,0,Developing
636,59,1,59.0,28,4.3,1,1,Developing
637,30,1,30.0,14,2.8,1,0,Low Value
638,20,1,20.0,46,3.4,1,0,Low Value
639,20,1,20.0,41,2.7,1,0,Low Value
640,24,1,24.0,50,4.0,1,1,Low Value
641,88,1,88.0,28,4.4,1,0,Premium
642,78,1,78.0,23,3.9,1,0,High Value
643,25,1,25.0,14,2.8,1,0,Low Value
644,57,1,57.0,10,3.2,1,1,Developing
645,93,1,93.0,37,4.3,1,0,Premium
646,42,1,42.0,15,4.2,1,0,Developing
647,54,1,54.0,19,4.9,1,0,Developing
648,70,1,70.0,23,3.7,1,0,High Value
649,31,1,31.0,35,4.1,1,0,Low Value
650,93,1,93.0,33,4.2,1,0,Premium
651,40,1,40.0,12,3.9,1,1,Developing
652,32,1,32.0,41,2.9,1,0,Low Value
653,27,1,27.0,27,3.1,1,0,Low Value
654,68,1,68.0,45,3.6,1,0,High Value
655,59,1,59.0,23,4.4,1,1,Developing
656,36,1,36.0,19,3.1,1,0,Low Value
657,23,1,23.0,6,3.9,1,2,Low Value
658,80,1,80.0,6,4.3,1,2,High Value
659,37,1,37.0,20,4.9,1,0,Low Value
660,52,1,52.0,8,3.6,1,1,Developing
661,79,1,79.0,39,5.0,1,1,High Value
662,68,1,68.0,39,4.1,1,1,High Value
663,98,1,98.0,39,2.8,1,0,Premium
664,83,1,83.0,23,4.7,1,0,Premium
665,83,1,83.0,41,4.4,1,0,Premium
666,55,1,55.0,50,4.9,1,1,Developing
667,26,1,26.0,30,3.1,1,1,Low Value
668,76,1,76.0,32,2.6,1,1,High Value
669,85,1,85.0,35,2.9,1,0,Premium
670,89,1,89.0,45,3.3,1,0,Premium
671,41,1,41.0,37,4.8,1,0,Developing
672,30,1,30.0,45,4.7,1,0,Low Value
673,53,1,53.0,29,3.3,1,1,Developing
674,66,1,66.0,27,4.2,1,0,High Value
675,33,1,33.0,36,4.7,1,1,Low Value
676,86,1,86.0,9,2.6,1,2,Premium
677,60,1,60.0,38,2.9,1,0,Developing
678,62,1,62.0,41,2.7,1,1,High Value
679,74,1,74.0,25,3.3,1,0,High Value
680,95,1,95.0,37,3.4,1,0,Premium
681,25,1,25.0,3,4.2,1,2,Low Value
682,59,1,59.0,24,3.8,1,0,Developing
683,29,1,29.0,49,4.0,1,0,Low Value
684,36,1,36.0,3,2.7,1,1,Low Value
685,82,1,82.0,42,4.7,1,0,Premium
686,71,1,71.0,32,3.5,1,0,High Value
687,35,1,35.0,33,3.0,1,0,Low Value
688,38,1,38.0,46,3.3,1,1,Low Value
689,59,1,59.0,44,4.7,1,0,Developing
690,91,1,91.0,35,4.7,1,0,Premium
691,68,1,68.0,45,4.8,1,0,High Value
692,21,1,21.0,37,2.9,1,0,Low Value
693,95,1,95.0,40,4.0,1,0,Premium
694,52,1,52.0,30,3.1,1,0,Developing
695,21,1,21.0,38,3.5,1,0,Low Value
696,67,1,67.0,15,3.7,1,0,High Value
697,42,1,42.0,49,2.8,1,0,Developing
698,63,1,63.0,40,4.6,1,1,High Value
699,41,1,41.0,40,3.8,1,0,Developing
700,46,1,46.0,5,2.6,1,1,Developing
701,79,1,79.0,5,4.1,1,1,High Value
702,90,1,90.0,5,3.3,1,1,Premium
703,71,1,71.0,1,3.4,1,1,High Value
704,87,1,87.0,21,3.0,1,0,Premium
705,66,1,66.0,18,3.2,1,1,High Value
706,90,1,90.0,49,4.5,1,1,Premium
707,47,1,47.0,27,4.8,1,0,Developing
708,38,1,38.0,21,3.7,1,1,Low Value
709,50,1,50.0,19,3.4,1,0,Developing
710,79,1,79.0,23,4.6,1,0,High Value
711,91,1,91.0,26,4.1,1,0,Premium
712,60,1,60.0,13,3.5,1,0,Developing
713,81,1,81.0,36,3.8,1,1,High Value
714,90,1,90.0,39,2.6,1,0,Premium
715,70,1,70.0,40,4.4,1,0,High Value
716,63,1,63.0,37,2.6,1,1,High Value
717,29,1,29.0,9,3.6,1,1,Low Value
718,90,1,90.0,7,4.2,1,1,Premium
719,22,1,22.0,25,4.6,1,1,Low Value
720,22,1,22.0,42,3.3,1,0,Low Value
721,62,1,62.0,19,3.4,1,0,High Value
722,57,1,57.0,41,4.4,1,0,Developing
723,32,1,32.0,50,4.3,1,0,Low Value
724,53,1,53.0,43,3.5,1,0,Developing
725,79,1,79.0,36,4.7,1,0,High Value
726,61,1,61.0,33,3.1,1,0,High Value
727,78,1,78.0,20,3.6,1,0,High Value
728,97,1,97.0,37,4.8,1,0,Premium
729,78,1,78.0,12,3.7,1,0,High Value
730,56,1,56.0,46,3.2,1,0,Developing
731,25,1,25.0,28,3.9,1,0,Low Value
732,28,1,28.0,30,3.5,1,0,Low Value
733,57,1,57.0,28,2.8,1,0,Developing
734,36,1,36.0,20,2.7,1,0,Low Value
735,69,1,69.0,39,3.1,1,0,High Value
736,48,1,48.0,48,3.6,1,0,Developing
737,58,1,58.0,32,2.9,1,0,Developing
738,24,1,24.0,28,3.6,1,1,Low Value
739,31,1,31.0,27,3.5,1,1,Low Value
740,29,1,29.0,26,3.5,1,0,Low Value
741,69,1,69.0,22,2.8,1,0,High Value
742,79,1,79.0,23,4.7,1,0,High Value
743,39,1,39.0,21,3.1,1,1,Low Value
744,84,1,84.0,36,4.9,1,0,Premium
745,66,1,66.0,42,4.1,1,0,High Value
746,92,1,92.0,4,4.7,1,1,Premium
747,45,1,45.0,47,2.5,1,1,Developing
748,74,1,74.0,13,4.4,1,0,High Value
749,39,1,39.0,8,3.9,1,2,Low Value
750,71,1,71.0,11,3.7,1,1,High Value
751,95,1,95.0,5,3.4,1,2,Premium
752,72,1,72.0,1,4.8,1,1,High Value
753,85,1,85.0,17,4.2,1,0,Premium
754,54,1,54.0,27,3.4,1,1,Developing
755,41,1,41.0,3,2.9,1,2,Developing
756,24,1,24.0,22,3.3,1,0,Low Value
757,99,1,99.0,24,4.8,1,0,Premium
758,32,1,32.0,18,3.8,1,1,Low Value
759,71,1,71.0,39,4.6,1,0,High Value
760,49,1,49.0,25,2.6,1,0,Developing
761,50,1,50.0,6,3.4,1,2,Developing
762,91,1,91.0,26,4.2,1,0,Premium
763,46,1,46.0,43,3.9,1,0,Developing
764,50,1,50.0,6,2.9,1,1,Developing
765,39,1,39.0,6,4.2,1,2,Low Value
766,99,1,99.0,13,3.0,1,1,Premium
767,48,1,48.0,13,3.6,1,0,Developing
768,77,1,77.0,11,2.5,1,1,High Value
769,95,1,95.0,45,2.6,1,0,Premium
770,100,1,100.0,8,4.3,1,1,Premium
771,54,1,54.0,8,3.3,1,2,Developing
772,68,1,68.0,34,2.6,1,0,High Value
773,22,1,22.0,40,3.6,1,0,Low Value
774,84,1,84.0,14,2.6,1,0,Premium
775,46,1,46.0,11,3.5,1,1,Developing
776,53,1,53.0,8,3.0,1,1,Developing
777,60,1,60.0,8,5.0,1,1,Developing
778,32,1,32.0,37,2.5,1,0,Low Value
779,50,1,50.0,23,2.9,1,1,Developing
780,94,1,94.0,38,4.6,1,1,Premium
781,26,1,26.0,38,3.6,1,1,Low Value
782,44,1,44.0,12,3.0,1,0,Developing
783,57,1,57.0,15,4.5,1,0,Developing
784,65,1,65.0,38,4.5,1,0,High Value
785,72,1,72.0,41,3.2,1,0,High Value
786,62,1,62.0,37,4.0,1,0,High Value
787,21,1,21.0,16,4.8,1,0,Low Value
788,85,1,85.0,25,3.7,1,0,Premium
789,51,1,51.0,18,3.8,1,1,Developing
790,84,1,84.0,4,2.7,1,1,Premium
791,37,1,37.0,12,4.9,1,1,Low Value
792,44,1,44.0,35,3.1,1,0,Developing
793,45,1,45.0,45,4.2,1,0,Developing
794,35,1,35.0,16,3.8,1,0,Low Value
795,50,1,50.0,10,4.2,1,1,Developing
796,26,1,26.0,34,4.6,1,1,Low Value
797,78,1,78.0,43,4.0,1,1,High Value
798,82,1,82.0,38,4.0,1,0,Premium
799,39,1,39.0,48,3.8,1,0,Low Value
800,55,1,55.0,31,3.8,1,1,Developing
801,20,1,20.0,20,2.6,1,0,Low Value
802,29,1,29.0,12,4.9,1,0,Low Value
803,41,1,41.0,2,3.5,1,1,Developing
804,38,1,38.0,30,2.8,1,0,Low Value
805,47,1,47.0,28,2.6,1,1,Developing
806,30,1,30.0,40,3.7,1,0,Low Value
807,56,1,56.0,46,2.7,1,1,Developing
808,89,1,89.0,15,3.3,1,0,Premium
809,96,1,96.0,38,4.6,1,0,Premium
810,81,1,81.0,30,4.9,1,0,High Value
811,83,1,83.0,32,4.9,1,0,Premium
812,35,1,35.0,36,2.7,1,1,Low Value
813,56,1,56.0,32,3.2,1,0,Developing
814,45,1,45.0,14,2.9,1,1,Developing
815,62,1,62.0,8,3.8,1,1,High Value
816,84,1,84.0,27,3.0,1,0,Premium
817,24,1,24.0,24,3.9,1,0,Low Value
818,21,1,21.0,30,4.7,1,0,Low Value
819,91,1,91.0,34,4.9,1,0,Premium
820,36,1,36.0,28,4.8,1,1,Low Value
821,39,1,39.0,27,2.5,1,0,Low Value
822,39,1,39.0,31,3.9,1,0,Low Value
823,59,1,59.0,23,3.4,1,1,Developing
824,27,1,27.0,11,2.5,1,1,Low Value
825,94,1,94.0,48,3.0,1,1,Premium
826,94,1,94.0,17,3.6,1,0,Premium
827,94,1,94.0,36,3.6,1,0,Premium
828,51,1,51.0,33,4.1,1,0,Developing
829,62,1,62.0,27,3.7,1,0,High Value
830,57,1,57.0,14,3.8,1,0,Developing
831,76,1,76.0,5,4.2,1,2,High Value
832,63,1,63.0,47,4.3,1,0,High Value
833,80,1,80.0,28,2.5,1,0,High Value
834,68,1,68.0,11,3.5,1,1,High Value
835,89,1,89.0,18,3.1,1,0,Premium
836,26,1,26.0,21,2.5,1,0,Low Value
837,90,1,90.0,22,3.9,1,0,Premium
838,28,1,28.0,33,4.9,1,0,Low Value
839,29,1,29.0,49,4.3,1,1,Low Value
840,31,1,31.0,10,2.6,1,1,Low Value
841,24,1,24.0,18,4.2,1,0,Low Value
842,88,1,88.0,28,2.6,1,0,Premium
843,87,1,87.0,25,3.6,1,0,Premium
844,80,1,80.0,6,3.2,1,1,High Value
845,48,1,48.0,44,4.4,1,0,Developing
846,21,1,21.0,30,3.7,1,0,Low Value
847,72,1,72.0,42,3.7,1,1,High Value
848,44,1,44.0,30,4.1,1,0,Developing
849,73,1,73.0,33,3.6,1,0,High Value
850,61,1,61.0,24,4.3,1,1,High Value
851,20,1,20.0,13,2.6,1,0,Low Value
852,86,1,86.0,19,2.9,1,0,Premium
853,60,1,60.0,23,4.2,1,0,Developing
854,43,1,43.0,35,4.0,1,0,Developing
855,44,1,44.0,22,4.3,1,0,Developing
856,76,1,76.0,14,3.0,1,1,High Value
857,33,1,33.0,47,3.5,1,0,Low Value
858,60,1,60.0,50,3.0,1,0,Developing
859,26,1,26.0,33,3.1,1,0,Low Value
860,73,1,73.0,7,4.0,1,1,High Value
861,87,1,87.0,3,4.1,1,1,Premium
862,100,1,100.0,35,3.8,1,0,Premium
863,84,1,84.0,13,4.9,1,0,Premium
864,41,1,41.0,42,3.9,1,0,Developing
865,59,1,59.0,5,3.9,1,2,Developing
866,26,1,26.0,23,4.8,1,1,Low Value
867,69,1,69.0,11,2.7,1,0,High Value
868,20,1,20.0,23,3.1,1,0,Low Value
869,83,1,83.0,2,3.2,1,1,Premium
870,54,1,54.0,33,2.7,1,0,Developing
871,66,1,66.0,6,2.5,1,1,High Value
872,42,1,42.0,45,2.6,1,1,Developing
873,33,1,33.0,25,2.9,1,1,Low Value
874,77,1,77.0,24,4.2,1,1,High Value
875,65,1,65.0,10,4.4,1,1,High Value
876,39,1,39.0,7,4.1,1,1,Low Value
877,51,1,51.0,1,3.8,1,1,Developing
878,65,1,65.0,45,4.9,1,0,High Value
879,89,1,89.0,37,4.9,1,0,Premium
880,76,1,76.0,14,4.1,1,1,High Value
881,75,1,75.0,25,3.1,1,0,High Value
882,61,1,61.0,18,2.7,1,1,High Value
883,35,1,35.0,37,3.8,1,0,Low Value
884,37,1,37.0,30,4.3,1,0,Low Value
885,91,1,91.0,34,4.1,1,0,Premium
886,99,1,99.0,49,4.4,1,0,Premium
887,54,1,54.0,48,3.6,1,0,Developing
888,47,1,47.0,33,3.3,1,0,Developing
889,77,1,77.0,44,3.8,1,1,High Value
890,84,1,84.0,50,2.8,1,0,Premium
891,51,1,51.0,47,4.3,1,0,Developing
892,26,1,26.0,24,3.9,1,0,Low Value
893,64,1,64.0,43,2.7,1,0,High Value
894,51,1,51.0,14,4.7,1,0,Developing
895,60,1,60.0,3,3.8,1,2,Developing
896,69,1,69.0,33,4.7,1,1,High Value
897,29,1,29.0,38,4.7,1,0,Low Value
898,91,1,91.0,46,3.4,1,0,Premium
899,70,1,70.0,19,3.5,1,0,High Value
900,58,1,58.0,20,4.0,1,1,Developing
901,98,1,98.0,42,3.3,1,1,Premium
902,68,1,68.0,34,4.7,1,0,High Value
903,44,1,44.0,5,2.8,1,1,Developing
904,45,1,45.0,3,3.3,1,2,Developing
905,99,1,99.0,46,2.9,1,0,Premium
906,68,1,68.0,16,2.8,1,1,High Value
907,56,1,56.0,21,4.2,1,0,Developing
908,43,1,43.0,34,4.4,1,0,Developing
909,99,1,99.0,9,3.6,1,1,Premium
910,56,1,56.0,36,2.7,1,0,Developing
911,25,1,25.0,22,3.4,1,0,Low Value
912,74,1,74.0,2,2.8,1,2,High Value
913,56,1,56.0,32,3.4,1,0,Developing
914,47,1,47.0,29,2.6,1,0,Developing
915,67,1,67.0,27,4.1,1,0,High Value
916,22,1,22.0,33,2.9,1,0,Low Value
917,34,1,34.0,16,2.7,1,0,Low Value
918,64,1,64.0,11,3.7,1,1,High Value
919,42,1,42.0,11,4.3,1,0,Developing
920,82,1,82.0,17,2.6,1,0,Premium
921,81,1,81.0,37,4.3,1,0,High Value
922,24,1,24.0,18,4.1,1,0,Low Value
923,60,1,60.0,13,4.2,1,0,Developing
924,24,1,24.0,7,4.2,1,1,Low Value
925,78,1,78.0,37,3.1,1,1,High Value
926,88,1,88.0,8,4.9,1,1,Premium
927,63,1,63.0,11,4.4,1,0,High Value
928,78,1,78.0,8,4.4,1,1,High Value
929,37,1,37.0,31,3.4,1,0,Low Value
930,94,1,94.0,26,4.5,1,0,Premium
931,78,1,78.0,20,4.5,1,0,High Value
932,36,1,36.0,24,4.1,1,0,Low Value
933,24,1,24.0,45,3.2,1,0,Low Value
934,84,1,84.0,33,2.7,1,0,Premium
935,47,1,47.0,21,3.7,1,0,Developing
936,51,1,51.0,2,2.6,1,1,Developing
937,84,1,84.0,28,2.7,1,0,Premium
938,24,1,24.0,18,2.7,1,1,Low Value
939,97,1,97.0,21,4.8,1,0,Premium
940,89,1,89.0,24,4.8,1,0,Premium
941,44,1,44.0,15,2.6,1,0,Developing
942,35,1,35.0,38,4.5,1,0,Low Value
943,91,1,91.0,38,3.2,1,0,Premium
944,63,1,63.0,13,3.8,1,0,High Value
945,97,1,97.0,39,4.8,1,0,Premium
946,38,1,38.0,8,4.1,1,1,Low Value
947,24,1,24.0,4,2.8,1,2,Low Value
948,32,1,32.0,6,3.9,1,1,Low Value
949,90,1,90.0,11,4.9,1,0,Premium
950,36,1,36.0,49,3.4,1,0,Low Value
951,37,1,37.0,30,4.1,1,1,Low Value
952,51,1,51.0,34,2.9,1,0,Developing
953,71,1,71.0,28,3.1,1,0,High Value
954,50,1,50.0,36,3.6,1,1,Developing
955,74,1,74.0,18,3.5,1,0,High Value
956,75,1,75.0,4,3.4,1,1,High Value
957,99,1,99.0,42,2.9,1,1,Premium
958,23,1,23.0,11,4.7,1,1,Low Value
959,53,1,53.0,31,4.4,1,0,Developing
960,99,1,99.0,12,2.6,1,0,Premium
961,48,1,48.0,20,4.4,1,1,Developing
962,72,1,72.0,37,3.7,1,1,High Value
963,64,1,64.0,26,4.4,1,0,High Value
964,63,1,63.0,14,2.5,1,0,High Value
965,51,1,51.0,12,2.6,1,0,Developing
966,55,1,55.0,10,5.0,1,2,Developing
967,55,1,55.0,19,4.9,1,1,Developing
968,26,1,26.0,4,3.7,1,1,Low Value
969,67,1,67.0,48,3.1,1,1,High Value
970,31,1,31.0,37,3.2,1,0,Low Value
971,66,1,66.0,4,4.4,1,1,High Value
972,67,1,67.0,15,4.3,1,0,High Value
973,61,1,61.0,33,3.0,1,0,High Value
974,75,1,75.0,30,3.5,1,1,High Value
975,90,1,90.0,23,3.6,1,0,Premium
976,40,1,40.0,2,3.8,1,1,Developing
977,90,1,90.0,50,3.6,1,0,Premium
978,20,1,20.0,34,4.6,1,0,Low Value
979,40,1,40.0,33,2.5,1,0,Developing
980,33,1,33.0,34,3.5,1,0,Low Value
981,98,1,98.0,39,4.0,1,0,Premium
982,42,1,42.0,47,3.5,1,1,Developing
983,62,1,62.0,37,3.2,1,0,High Value
984,45,1,45.0,40,3.5,1,0,Developing
985,78,1,78.0,8,3.4,1,1,High Value
986,80,1,80.0,12,5.0,1,1,High Value
987,96,1,96.0,36,4.5,1,0,Premium
988,47,1,47.0,48,2.8,1,0,Developing
989,84,1,84.0,47,4.9,1,0,Premium
990,31,1,31.0,2,3.1,1,1,Low Value
991,63,1,63.0,24,4.8,1,0,High Value
992,97,1,97.0,40,2.7,1,0,Premium
993,99,1,99.0,50,4.6,1,0,Premium
994,90,1,90.0,25,4.4,1,0,Premium
995,68,1,68.0,20,3.2,1,0,High Value
996,80,1,80.0,10,3.0,1,1,High Value
997,91,1,91.0,32,4.9,1,1,Premium
998,30,1,30.0,31,3.6,1,0,Low Value
999,90,1,90.0,48,3.8,1,0,Premium
1000,28,1,28.0,23,2.9,1,0,Low Value
1001,46,1,46.0,1,3.9,1,1,Developing
1002,60,1,60.0,4,3.6,1,1,Developing
1003,59,1,59.0,3,3.5,1,1,Developing
1004,68,1,68.0,3,4.0,1,1,High Value
1005,79,1,79.0,44,4.8,1,1,High Value
1006,94,1,94.0,5,3.9,1,1,Premium
1007,83,1,83.0,50,4.5,1,1,Premium
1008,62,1,62.0,2,4.8,1,2,High Value
1009,85,1,85.0,29,2.6,1,1,Premium
1010,30,1,30.0,11,3.1,1,1,Low Value
1011,24,1,24.0,37,4.7,1,0,Low Value
1012,25,1,25.0,32,2.9,1,0,Low Value
1013,37,1,37.0,27,3.8,1,1,Low Value
1014,69,1,69.0,31,3.8,1,0,High Value
1015,97,1,97.0,36,3.0,1,0,Premium
1016,24,1,24.0,34,4.1,1,0,Low Value
1017,30,1,30.0,15,3.4,1,0,Low Value
1018,53,1,53.0,14,2.5,1,1,Developing
1019,70,1,70.0,46,4.9,1,0,High Value
1020,76,1,76.0,33,2.8,1,0,High Value
1021,95,1,95.0,41,4.5,1,1,Premium
1022,51,1,51.0,39,4.9,1,0,Developing
1023,41,1,41.0,7,4.9,1,2,Developing
1024,71,1,71.0,29,3.5,1,0,High Value
1025,66,1,66.0,18,3.5,1,1,High Value
1026,84,1,84.0,15,4.9,1,1,Premium
1027,95,1,95.0,39,3.0,1,0,Premium
1028,90,1,90.0,11,2.8,1,0,Premium
1029,36,1,36.0,4,3.7,1,1,Low Value
1030,22,1,22.0,33,3.6,1,0,Low Value
1031,89,1,89.0,37,3.3,1,1,Premium
1032,50,1,50.0,32,3.4,1,1,Developing
1033,36,1,36.0,44,4.0,1,1,Low Value
1034,52,1,52.0,41,4.6,1,1,Developing
1035,29,1,29.0,44,4.2,1,0,Low Value
1036,89,1,89.0,32,2.8,1,1,Premium
1037,47,1,47.0,13,3.7,1,0,Developing
1038,25,1,25.0,48,3.4,1,1,Low Value
1039,74,1,74.0,3,3.0,1,1,High Value
1040,46,1,46.0,39,4.8,1,0,Developing
1041,22,1,22.0,7,4.0,1,1,Low Value
1042,25,1,25.0,11,4.9,1,0,Low Value
1043,80,1,80.0,47,4.9,1,0,High Value
1044,76,1,76.0,28,3.3,1,0,High Value
1045,30,1,30.0,17,4.4,1,0,Low Value
1046,79,1,79.0,11,3.5,1,0,High Value
1047,22,1,22.0,12,4.2,1,1,Low Value
1048,36,1,36.0,7,4.2,1,1,Low Value
1049,77,1,77.0,19,2.7,1,0,High Value
1050,33,1,33.0,24,2.8,1,1,Low Value
1051,64,1,64.0,19,3.8,1,0,High Value
1052,53,1,53.0,39,2.6,1,1,Developing
1053,36,1,36.0,1,3.0,1,1,Low Value
1054,70,1,70.0,10,3.3,0,2,High Value
1055,96,1,96.0,48,4.9,0,2,Premium
1056,27,1,27.0,24,3.3,0,2,Low Value
1057,64,1,64.0,42,2.9,0,1,High Value
1058,23,1,23.0,20,4.4,0,1,Low Value
1059,33,1,33.0,49,3.1,0,1,Low Value
1060,34,1,34.0,25,2.5,0,1,Low Value
1061,35,1,35.0,21,2.6,0,1,Low Value
1062,62,1,62.0,12,4.4,0,1,High Value
1063,75,1,75.0,21,2.6,0,1,High Value
1064,29,1,29.0,35,3.3,0,1,Low Value
1065,28,1,28.0,42,3.5,0,1,Low Value
1066,20,1,20.0,3,4.1,0,2,Low Value
1067,96,1,96.0,11,4.0,0,1,Premium
1068,43,1,43.0,22,2.7,0,2,Developing
1069,94,1,94.0,47,2.5,0,1,Premium
1070,81,1,81.0,33,4.3,0,1,High Value
1071,75,1,75.0,50,3.3,0,1,High Value
1072,81,1,81.0,46,2.6,0,1,High Value
1073,92,1,92.0,34,3.8,0,1,Premium
1074,96,1,96.0,33,4.0,0,1,Premium
1075,71,1,71.0,45,2.6,0,1,High Value
1076,50,1,50.0,32,4.9,0,1,Developing
1077,72,1,72.0,47,2.9,0,1,High Value
1078,28,1,28.0,5,3.7,0,3,Low Value
1079,59,1,59.0,49,4.4,0,1,Developing
1080,33,1,33.0,48,4.4,0,1,Low Value
1081,59,1,59.0,22,3.8,0,1,Developing
1082,30,1,30.0,45,4.5,0,2,Low Value
1083,85,1,85.0,30,2.6,0,2,Premium
1084,97,1,97.0,43,3.3,0,1,Premium
1085,36,1,36.0,48,4.1,0,2,Low Value
1086,85,1,85.0,23,3.0,0,1,Premium
1087,62,1,62.0,27,3.0,0,1,High Value
1088,71,1,71.0,7,3.4,0,2,High Value
1089,21,1,21.0,2,2.7,0,2,Low Value
1090,61,1,61.0,33,3.8,0,1,High Value
1091,58,1,58.0,27,4.2,0,1,Developing
1092,80,1,80.0,6,4.7,0,2,High Value
1093,50,1,50.0,20,4.1,0,2,Developing
1094,48,1,48.0,46,4.2,0,1,Developing
1095,40,1,40.0,25,4.8,0,2,Developing
1096,34,1,34.0,30,3.0,0,2,Low Value
1097,46,1,46.0,48,2.6,0,2,Developing
1098,27,1,27.0,47,3.2,0,1,Low Value
1099,98,1,98.0,27,3.6,0,1,Premium
1100,73,1,73.0,45,2.6,0,1,High Value
1101,28,1,28.0,2,4.4,0,2,Low Value
1102,76,1,76.0,39,3.0,0,1,High Value
1103,83,1,83.0,24,2.9,0,1,Premium
1104,23,1,23.0,8,4.3,0,2,Low Value
1105,28,1,28.0,8,3.1,0,3,Low Value
1106,83,1,83.0,6,3.0,0,2,Premium
1107,96,1,96.0,12,3.6,0,1,Premium
1108,62,1,62.0,26,2.8,0,1,High Value
1109,25,1,25.0,50,2.8,0,1,Low Value
1110,97,1,97.0,2,3.8,0,2,Premium
1111,61,1,61.0,31,3.0,0,1,High Value
1112,66,1,66.0,4,4.1,0,2,High Value
1113,67,1,67.0,32,4.6,0,2,High Value
1114,80,1,80.0,11,4.8,0,1,High Value
1115,25,1,25.0,47,2.6,0,1,Low Value
1116,58,1,58.0,37,4.0,0,1,Developing
1117,96,1,96.0,39,4.2,0,1,Premium
1118,77,1,77.0,24,4.5,0,1,High Value
1119,65,1,65.0,11,4.9,0,1,High Value
1120,36,1,36.0,36,3.1,0,1,Low Value
1121,84,1,84.0,40,4.0,0,1,Premium
1122,58,1,58.0,25,3.2,0,2,Developing
1123,62,1,62.0,12,4.3,0,2,High Value
1124,67,1,67.0,38,2.5,0,1,High Value
1125,20,1,20.0,40,3.8,0,2,Low Value
1126,90,1,90.0,10,2.7,0,2,Premium
1127,58,1,58.0,47,3.4,0,1,Developing
1128,53,1,53.0,22,4.8,0,1,Developing
1129,30,1,30.0,35,4.7,0,1,Low Value
1130,65,1,65.0,46,4.7,0,1,High Value
1131,41,1,41.0,30,3.9,0,1,Developing
1132,73,1,73.0,20,3.7,0,1,High Value
1133,98,1,98.0,25,4.3,0,1,Premium
1134,36,1,36.0,29,4.1,0,1,Low Value
1135,81,1,81.0,2,3.8,0,2,High Value
1136,90,1,90.0,32,3.6,0,2,Premium
1137,83,1,83.0,37,4.8,0,1,Premium
1138,91,1,91.0,16,2.8,0,1,Premium
1139,36,1,36.0,32,4.7,0,1,Low Value
1140,53,1,53.0,42,3.9,0,1,Developing
1141,39,1,39.0,6,2.6,0,2,Low Value
1142,33,1,33.0,23,4.7,0,1,Low Value
1143,76,1,76.0,27,3.5,0,1,High Value
1144,23,1,23.0,43,4.4,0,2,Low Value
1145,54,1,54.0,25,4.4,0,1,Developing
1146,89,1,89.0,30,3.0,0,1,Premium
1147,38,1,38.0,7,4.2,0,2,Low Value
1148,36,1,36.0,17,4.3,0,2,Low Value
1149,66,1,66.0,10,2.6,0,2,High Value
1150,42,1,42.0,40,3.3,0,2,Developing
1151,36,1,36.0,50,2.7,0,1,Low Value
1152,86,1,86.0,24,3.8,0,1,Premium
1153,49,1,49.0,8,4.0,0,2,Developing
1154,41,1,41.0,6,4.0,0,3,Developing
1155,82,1,82.0,44,2.9,0,1,Premium
1156,53,1,53.0,47,2.6,0,2,Developing
1157,21,1,21.0,6,4.8,0,2,Low Value
1158,66,1,66.0,11,4.4,0,2,High Value
1159,89,1,89.0,41,4.0,0,2,Premium
1160,55,1,55.0,46,3.6,0,1,Developing
1161,42,1,42.0,9,3.2,0,2,Developing
1162,52,1,52.0,37,3.1,0,1,Developing
1163,92,1,92.0,13,4.2,0,1,Premium
1164,56,1,56.0,24,3.0,0,1,Developing
1165,96,1,96.0,47,4.2,0,2,Premium
1166,64,1,64.0,21,2.9,0,1,High Value
1167,48,1,48.0,22,3.7,0,1,Developing
1168,83,1,83.0,16,3.6,0,2,Premium
1169,91,1,91.0,37,3.6,0,1,Premium
1170,94,1,94.0,3,4.5,0,3,Premium
1171,62,1,62.0,33,3.2,0,1,High Value
1172,55,1,55.0,15,3.9,0,2,Developing
1173,68,1,68.0,42,4.6,0,1,High Value
1174,76,1,76.0,42,2.5,0,1,High Value
1175,31,1,31.0,19,4.3,0,1,Low Value
1176,81,1,81.0,26,4.1,0,2,High Value
1177,83,1,83.0,39,3.8,0,2,Premium
1178,21,1,21.0,24,4.8,0,1,Low Value
1179,22,1,22.0,23,4.9,0,2,Low Value
1180,33,1,33.0,44,2.8,0,2,Low Value
1181,23,1,23.0,34,4.9,0,1,Low Value
1182,96,1,96.0,43,3.5,0,2,Premium
1183,21,1,21.0,45,3.8,0,2,Low Value
1184,39,1,39.0,4,4.5,0,2,Low Value
1185,73,1,73.0,19,3.4,0,2,High Value
1186,64,1,64.0,29,3.9,0,1,High Value
1187,68,1,68.0,27,4.1,0,2,High Value
1188,89,1,89.0,37,3.0,0,1,Premium
1189,29,1,29.0,11,3.3,0,1,Low Value
1190,97,1,97.0,28,3.8,0,2,Premium
1191,45,1,45.0,31,4.3,0,1,Developing
1192,70,1,70.0,50,4.1,0,2,High Value
1193,56,1,56.0,42,4.0,0,2,Developing
1194,55,1,55.0,18,5.0,0,1,Developing
1195,46,1,46.0,6,3.1,0,2,Developing
1196,95,1,95.0,33,4.0,0,1,Premium
1197,88,1,88.0,13,3.2,0,1,Premium
1198,92,1,92.0,26,3.9,0,2,Premium
1199,49,1,49.0,17,3.9,0,2,Developing
1200,89,1,89.0,3,4.5,0,2,Premium
1201,22,1,22.0,7,4.4,0,2,Low Value
1202,61,1,61.0,46,3.1,0,1,High Value
1203,29,1,29.0,14,2.9,0,1,Low Value
1204,82,1,82.0,23,3.7,0,2,Premium
1205,94,1,94.0,20,3.2,0,1,Premium
1206,99,1,99.0,38,3.5,0,1,Premium
1207,59,1,59.0,16,3.0,0,1,Developing
1208,90,1,90.0,48,4.1,0,1,Premium
1209,100,1,100.0,8,3.8,0,3,Premium
1210,62,1,62.0,16,3.8,0,1,High Value
1211,78,1,78.0,5,4.1,0,3,High Value
1212,94,1,94.0,14,4.6,0,1,Premium
1213,74,1,74.0,18,2.5,0,1,High Value
1214,52,1,52.0,14,3.7,0,1,Developing
1215,81,1,81.0,5,3.8,0,2,High Value
1216,20,1,20.0,15,2.6,0,1,Low Value
1217,32,1,32.0,3,3.7,0,2,Low Value
1218,63,1,63.0,12,2.6,0,1,High Value
1219,79,1,79.0,43,3.1,0,1,High Value
1220,23,1,23.0,35,2.5,0,1,Low Value
1221,64,1,64.0,36,3.8,0,2,High Value
1222,69,1,69.0,3,4.5,0,3,High Value
1223,69,1,69.0,27,3.4,0,2,High Value
1224,24,1,24.0,21,3.9,0,1,Low Value
1225,50,1,50.0,18,3.7,0,1,Developing
1226,97,1,97.0,16,2.6,0,1,Premium
1227,91,1,91.0,18,3.4,0,1,Premium
1228,37,1,37.0,19,4.9,0,1,Low Value
1229,55,1,55.0,1,3.9,0,3,Developing
1230,52,1,52.0,39,3.6,0,2,Developing
1231,80,1,80.0,49,3.8,0,1,High Value
1232,79,1,79.0,43,4.0,0,1,High Value
1233,23,1,23.0,31,3.6,0,1,Low Value
1234,73,1,73.0,40,3.5,0,1,High Value
1235,99,1,99.0,2,4.1,0,2,Premium
1236,22,1,22.0,46,3.0,0,1,Low Value
1237,68,1,68.0,35,4.4,0,1,High Value
1238,92,1,92.0,42,4.4,0,2,Premium
1239,77,1,77.0,3,3.7,0,2,High Value
1240,37,1,37.0,32,4.8,0,1,Low Value
1241,79,1,79.0,48,2.9,0,2,High Value
1242,51,1,51.0,34,3.1,0,1,Developing
1243,27,1,27.0,15,4.0,0,2,Low Value
1244,23,1,23.0,22,3.0,0,2,Low Value
1245,76,1,76.0,2,3.9,0,2,High Value
1246,31,1,31.0,30,3.4,0,1,Low Value
1247,60,1,60.0,27,2.7,0,1,Developing
1248,99,1,99.0,18,3.8,0,1,Premium
1249,37,1,37.0,8,3.0,0,3,Low Value
1250,50,1,50.0,48,4.5,0,1,Developing
1251,26,1,26.0,24,4.1,0,1,Low Value
1252,86,1,86.0,43,5.0,0,1,Premium
1253,41,1,41.0,8,4.0,0,3,Developing
1254,23,1,23.0,49,4.9,0,2,Low Value
1255,56,1,56.0,2,3.3,0,2,Developing
1256,68,1,68.0,38,4.1,0,1,High Value
1257,48,1,48.0,4,3.6,0,2,Developing
1258,67,1,67.0,31,3.0,0,1,High Value
1259,87,1,87.0,34,4.1,0,1,Premium
1260,64,1,64.0,45,3.9,0,1,High Value
1261,93,1,93.0,30,4.1,0,2,Premium
1262,29,1,29.0,2,2.8,0,2,Low Value
1263,62,1,62.0,44,4.8,0,1,High Value
1264,70,1,70.0,1,4.6,0,2,High Value
1265,92,1,92.0,1,2.5,0,2,Premium
1266,79,1,79.0,27,2.7,0,1,High Value
1267,31,1,31.0,14,4.0,0,1,Low Value
1268,83,1,83.0,41,2.7,0,1,Premium
1269,88,1,88.0,25,2.9,0,1,Premium
1270,53,1,53.0,47,3.0,0,2,Developing
1271,98,1,98.0,20,3.3,0,2,Premium
1272,57,1,57.0,42,4.3,0,2,Developing
1273,80,1,80.0,16,4.4,0,1,High Value
1274,29,1,29.0,32,4.1,0,1,Low Value
1275,73,1,73.0,37,3.1,0,2,High Value
1276,32,1,32.0,1,4.5,0,2,Low Value
1277,68,1,68.0,37,4.8,0,1,High Value
1278,97,1,97.0,5,5.0,0,3,Premium
1279,98,1,98.0,31,2.8,0,1,Premium
1280,56,1,56.0,18,3.7,0,2,Developing
1281,78,1,78.0,39,4.4,0,1,High Value
1282,81,1,81.0,8,4.5,0,2,High Value
1283,68,1,68.0,20,3.0,0,1,High Value
1284,94,1,94.0,23,3.9,0,1,Premium
1285,93,1,93.0,38,3.9,0,1,Premium
1286,99,1,99.0,45,3.5,0,1,Premium
1287,49,1,49.0,44,4.9,0,1,Developing
1288,28,1,28.0,20,3.4,0,1,Low Value
1289,93,1,93.0,34,4.1,0,1,Premium
1290,24,1,24.0,10,2.9,0,2,Low Value
1291,35,1,35.0,3,3.4,0,3,Low Value
1292,68,1,68.0,23,3.2,0,1,High Value
1293,61,1,61.0,42,3.8,0,2,High Value
1294,74,1,74.0,30,4.1,0,2,High Value
1295,64,1,64.0,21,4.5,0,1,High Value
1296,60,1,60.0,50,2.8,0,1,Developing
1297,29,1,29.0,16,2.8,0,1,Low Value
1298,85,1,85.0,32,4.6,0,2,Premium
1299,81,1,81.0,14,3.0,0,1,High Value
1300,23,1,23.0,42,3.6,0,1,Low Value
1301,100,1,100.0,47,4.5,0,1,Premium
1302,54,1,54.0,21,5.0,0,1,Developing
1303,25,1,25.0,37,2.9,0,1,Low Value
1304,32,1,32.0,10,3.1,0,3,Low Value
1305,63,1,63.0,18,4.0,0,1,High Value
1306,56,1,56.0,2,4.5,0,2,Developing
1307,33,1,33.0,40,4.5,0,2,Low Value
1308,32,1,32.0,43,3.1,0,2,Low Value
1309,38,1,38.0,14,4.4,0,1,Low Value
1310,21,1,21.0,41,4.7,0,2,Low Value
1311,59,1,59.0,38,3.1,0,1,Developing
1312,87,1,87.0,12,4.2,0,2,Premium
1313,79,1,79.0,19,3.0,0,1,High Value
1314,28,1,28.0,23,3.8,0,1,Low Value
1315,67,1,67.0,49,3.4,0,2,High Value
1316,75,1,75.0,29,4.2,0,2,High Value
1317,32,1,32.0,14,4.6,0,1,Low Value
1318,43,1,43.0,19,2.8,0,1,Developing
1319,93,1,93.0,19,2.7,0,1,Premium
1320,24,1,24.0,48,4.0,0,1,Low Value
1321,31,1,31.0,19,3.1,0,2,Low Value
1322,84,1,84.0,45,3.7,0,1,Premium
1323,74,1,74.0,17,4.0,0,2,High Value
1324,62,1,62.0,15,4.6,0,1,High Value
1325,77,1,77.0,11,3.8,0,1,High Value
1326,73,1,73.0,1,3.5,0,2,High Value
1327,50,1,50.0,17,3.8,0,1,Developing
1328,40,1,40.0,37,2.8,0,1,Developing
1329,97,1,97.0,40,3.7,0,1,Premium
1330,63,1,63.0,50,3.3,0,1,High Value
1331,65,1,65.0,20,2.9,0,1,High Value
1332,91,1,91.0,8,3.2,0,2,Premium
1333,60,1,60.0,16,4.3,0,2,Developing
1334,69,1,69.0,9,2.7,0,3,High Value
1335,52,1,52.0,12,3.8,0,1,Developing
1336,49,1,49.0,26,4.8,0,1,Developing
1337,85,1,85.0,44,4.8,0,1,Premium
1338,86,1,86.0,19,3.4,0,1,Premium
1339,51,1,51.0,43,2.6,0,1,Developing
1340,56,1,56.0,5,5.0,0,2,Developing
1341,72,1,72.0,5,4.4,0,2,High Value
1342,27,1,27.0,31,3.8,0,2,Low Value
1343,43,1,43.0,11,3.4,0,1,Developing
1344,56,1,56.0,34,3.4,0,1,Developing
1345,37,1,37.0,14,4.9,0,2,Low Value
1346,21,1,21.0,42,3.6,0,1,Low Value
1347,91,1,91.0,15,3.0,0,1,Premium
1348,95,1,95.0,47,3.9,0,1,Premium
1349,54,1,54.0,23,3.2,0,1,Developing
1350,36,1,36.0,23,3.2,0,1,Low Value
1351,71,1,71.0,1,4.3,0,2,High Value
1352,31,1,31.0,28,2.8,0,2,Low Value
1353,89,1,89.0,37,4.5,0,1,Premium
1354,83,1,83.0,4,4.1,0,2,Premium
1355,42,1,42.0,21,3.6,0,2,Developing
1356,91,1,91.0,50,3.0,0,1,Premium
1357,61,1,61.0,34,4.0,0,2,High Value
1358,66,1,66.0,20,3.5,0,2,High Value
1359,22,1,22.0,25,2.5,0,1,Low Value
1360,68,1,68.0,26,4.3,0,1,High Value
1361,43,1,43.0,4,2.8,0,3,Developing
1362,32,1,32.0,39,3.7,0,1,Low Value
1363,46,1,46.0,29,4.3,0,1,Developing
1364,90,1,90.0,47,4.0,0,2,Premium
1365,75,1,75.0,5,4.7,0,2,High Value
1366,69,1,69.0,18,4.5,0,1,High Value
1367,40,1,40.0,10,3.1,0,2,Developing
1368,63,1,63.0,25,3.8,0,2,High Value
1369,36,1,36.0,2,4.9,0,2,Low Value
1370,75,1,75.0,48,3.2,0,1,High Value
1371,67,1,67.0,41,3.8,0,1,High Value
1372,64,1,64.0,42,2.8,0,1,High Value
1373,61,1,61.0,44,4.0,0,1,High Value
1374,40,1,40.0,6,2.6,0,3,Developing
1375,97,1,97.0,5,2.7,0,3,Premium
1376,31,1,31.0,8,4.1,0,3,Low Value
1377,65,1,65.0,24,5.0,0,2,High Value
1378,54,1,54.0,42,3.0,0,1,Developing
1379,49,1,49.0,24,3.6,0,1,Developing
1380,64,1,64.0,38,2.8,0,1,High Value
1381,35,1,35.0,41,4.6,0,1,Low Value
1382,86,1,86.0,48,2.9,0,2,Premium
1383,55,1,55.0,16,4.8,0,2,Developing
1384,58,1,58.0,4,3.3,0,2,Developing
1385,96,1,96.0,8,4.6,0,2,Premium
1386,64,1,64.0,1,2.6,0,2,High Value
1387,56,1,56.0,4,4.0,0,3,Developing
1388,85,1,85.0,20,3.8,0,1,Premium
1389,23,1,23.0,40,3.9,0,2,Low Value
1390,72,1,72.0,8,2.6,0,2,High Value
1391,38,1,38.0,42,4.3,0,1,Low Value
1392,29,1,29.0,38,3.6,0,2,Low Value
1393,46,1,46.0,34,4.2,0,1,Developing
1394,58,1,58.0,14,3.9,0,1,Developing
1395,43,1,43.0,39,4.7,0,1,Developing
1396,32,1,32.0,40,2.8,0,1,Low Value
1397,30,1,30.0,49,3.0,0,1,Low Value
1398,67,1,67.0,33,4.7,0,2,High Value
1399,45,1,45.0,25,2.5,0,1,Developing
1400,81,1,81.0,48,3.1,0,2,High Value
1401,23,1,23.0,22,3.6,0,1,Low Value
1402,59,1,59.0,1,3.5,0,2,Developing
1403,21,1,21.0,47,3.1,0,1,Low Value
1404,20,1,20.0,20,3.6,0,1,Low Value
1405,28,1,28.0,10,3.5,0,2,Low Value
1406,100,1,100.0,39,2.7,0,1,Premium
1407,46,1,46.0,15,3.6,0,1,Developing
1408,61,1,61.0,11,4.5,0,2,High Value
1409,58,1,58.0,38,4.1,0,1,Developing
1410,50,1,50.0,41,4.2,0,1,Developing
1411,93,1,93.0,18,4.0,0,2,Premium
1412,24,1,24.0,13,2.8,0,2,Low Value
1413,100,1,100.0,43,2.6,0,2,Premium
1414,79,1,79.0,12,2.7,0,2,High Value
1415,51,1,51.0,3,4.5,0,2,Developing
1416,90,1,90.0,12,3.7,0,1,Premium
1417,56,1,56.0,46,3.4,0,2,Developing
1418,25,1,25.0,21,4.6,0,1,Low Value
1419,75,1,75.0,23,4.1,0,1,High Value
1420,75,1,75.0,4,2.6,0,3,High Value
1421,53,1,53.0,45,4.6,0,1,Developing
1422,100,1,100.0,24,3.0,0,1,Premium
1423,27,1,27.0,3,3.4,0,2,Low Value
1424,60,1,60.0,12,3.5,0,1,Developing
1425,23,1,23.0,34,3.5,0,1,Low Value
1426,40,1,40.0,39,3.7,0,2,Developing
1427,38,1,38.0,35,4.8,0,1,Low Value
1428,90,1,90.0,8,4.9,0,3,Premium
1429,97,1,97.0,42,4.9,0,2,Premium
1430,38,1,38.0,6,4.7,0,2,Low Value
1431,30,1,30.0,3,4.9,0,2,Low Value
1432,88,1,88.0,29,2.9,0,2,Premium
1433,33,1,33.0,32,4.4,0,2,Low Value
1434,60,1,60.0,45,3.2,0,1,Developing
1435,64,1,64.0,21,4.6,0,1,High Value
1436,95,1,95.0,41,4.0,0,1,Premium
1437,83,1,83.0,23,3.7,0,1,Premium
1438,97,1,97.0,14,4.2,0,2,Premium
1439,38,1,38.0,24,2.9,0,1,Low Value
1440,48,1,48.0,25,4.8,0,1,Developing
1441,76,1,76.0,13,4.4,0,1,High Value
1442,25,1,25.0,3,3.4,0,2,Low Value
1443,92,1,92.0,42,2.8,0,2,Premium
1444,47,1,47.0,2,4.2,0,2,Developing
1445,36,1,36.0,26,3.8,0,2,Low Value
1446,51,1,51.0,24,3.1,0,2,Developing
1447,35,1,35.0,6,3.2,0,3,Low Value
1448,57,1,57.0,25,3.0,0,1,Developing
1449,95,1,95.0,11,3.6,0,1,Premium
1450,41,1,41.0,20,2.5,0,1,Developing
1451,44,1,44.0,25,3.4,0,2,Developing
1452,34,1,34.0,35,2.5,0,2,Low Value
1453,25,1,25.0,11,4.7,0,2,Low Value
1454,93,1,93.0,41,3.2,0,1,Premium
1455,50,1,50.0,17,2.9,0,2,Developing
1456,79,1,79.0,1,4.9,0,2,High Value
1457,100,1,100.0,30,2.7,0,1,Premium
1458,57,1,57.0,47,4.7,0,1,Developing
1459,28,1,28.0,34,2.9,0,1,Low Value
1460,35,1,35.0,18,4.8,0,1,Low Value
1461,85,1,85.0,33,4.6,0,1,Premium
1462,95,1,95.0,42,5.0,0,2,Premium
1463,90,1,90.0,2,4.8,0,3,Premium
1464,49,1,49.0,1,4.9,0,2,Developing
1465,92,1,92.0,23,4.6,0,2,Premium
1466,72,1,72.0,42,3.9,0,1,High Value
1467,71,1,71.0,3,4.5,0,3,High Value
1468,27,1,27.0,16,4.7,0,1,Low Value
1469,39,1,39.0,46,3.9,0,1,Low Value
1470,98,1,98.0,31,4.4,0,1,Premium
1471,27,1,27.0,15,3.9,0,1,Low Value
1472,71,1,71.0,48,2.8,0,1,High Value
1473,24,1,24.0,11,3.5,0,1,Low Value
1474,63,1,63.0,20,4.3,0,1,High Value
1475,72,1,72.0,6,3.9,0,2,High Value
1476,61,1,61.0,24,4.0,0,1,High Value
1477,56,1,56.0,18,4.1,0,1,Developing
1478,32,1,32.0,1,4.3,0,2,Low Value
1479,23,1,23.0,13,4.2,0,1,Low Value
1480,100,1,100.0,2,4.0,0,2,Premium
1481,74,1,74.0,26,3.6,0,2,High Value
1482,33,1,33.0,31,3.3,0,2,Low Value
1483,67,1,67.0,43,4.1,0,1,High Value
1484,61,1,61.0,12,4.7,0,1,High Value
1485,46,1,46.0,22,4.4,0,1,Developing
1486,56,1,56.0,3,3.4,0,2,Developing
1487,73,1,73.0,23,5.0,0,1,High Value
1488,44,1,44.0,26,4.6,0,2,Developing
1489,44,1,44.0,37,4.0,0,1,Developing
1490,26,1,26.0,42,4.1,0,2,Low Value
1491,52,1,52.0,15,4.9,0,1,Developing
1492,54,1,54.0,10,2.7,0,3,Developing
1493,38,1,38.0,3,4.5,0,3,Low Value
1494,44,1,44.0,44,2.7,0,2,Developing
1495,76,1,76.0,23,3.0,0,1,High Value
1496,23,1,23.0,6,4.5,0,2,Low Value
1497,98,1,98.0,9,5.0,0,2,Premium
1498,33,1,33.0,16,3.8,0,1,Low Value
1499,32,1,32.0,46,3.1,0,1,Low Value
1500,85,1,85.0,24,3.4,0,1,Premium
1501,69,1,69.0,22,4.8,0,1,High Value
1502,55,1,55.0,13,2.7,0,1,Developing
1503,66,1,66.0,20,3.2,0,1,High Value
1504,30,1,30.0,46,3.9,0,2,Low Value
1505,80,1,80.0,10,4.2,0,2,High Value
1506,20,1,20.0,39,3.0,0,1,Low Value
1507,30,1,30.0,44,3.0,0,2,Low Value
1508,86,1,86.0,7,3.7,0,3,Premium
1509,84,1,84.0,3,4.4,0,2,Premium
1510,54,1,54.0,44,4.6,0,2,Developing
1511,30,1,30.0,31,3.0,0,2,Low Value
1512,91,1,91.0,48,3.6,0,1,Premium
1513,23,1,23.0,18,3.9,0,1,Low Value
1514,35,1,35.0,27,4.1,0,1,Low Value
1515,90,1,90.0,1,3.9,0,2,Premium
1516,93,1,93.0,34,3.9,0,1,Premium
1517,68,1,68.0,5,4.5,0,2,High Value
1518,41,1,41.0,12,3.4,0,2,Developing
1519,73,1,73.0,14,4.1,0,1,High Value
1520,73,1,73.0,40,4.9,0,1,High Value
1521,66,1,66.0,39,4.4,0,2,High Value
1522,59,1,59.0,50,2.7,0,1,Developing
1523,72,1,72.0,5,4.8,0,2,High Value
1524,88,1,88.0,35,3.3,0,2,Premium
1525,76,1,76.0,6,4.4,0,2,High Value
1526,31,1,31.0,22,4.6,0,1,Low Value
1527,22,1,22.0,27,3.1,0,1,Low Value
1528,75,1,75.0,33,4.5,0,1,High Value
1529,75,1,75.0,47,4.0,0,1,High Value
1530,63,1,63.0,48,3.1,0,1,High Value
1531,21,1,21.0,22,3.9,0,2,Low Value
1532,83,1,83.0,8,4.5,0,2,Premium
1533,46,1,46.0,5,4.4,0,2,Developing
1534,59,1,59.0,16,3.6,0,2,Developing
1535,66,1,66.0,26,3.4,0,1,High Value
1536,74,1,74.0,8,4.0,0,2,High Value
1537,82,1,82.0,17,2.6,0,2,Premium
1538,89,1,89.0,50,3.2,0,2,Premium
1539,65,1,65.0,22,3.2,0,1,High Value
1540,55,1,55.0,19,5.0,0,1,Developing
1541,95,1,95.0,14,2.9,0,1,Premium
1542,77,1,77.0,35,2.9,0,1,High Value
1543,44,1,44.0,43,3.5,0,1,Developing
1544,89,1,89.0,24,4.0,0,2,Premium
1545,24,1,24.0,17,3.9,0,1,Low Value
1546,43,1,43.0,49,4.9,0,2,Developing
1547,51,1,51.0,17,3.8,0,2,Developing
1548,46,1,46.0,40,3.5,0,2,Developing
1549,32,1,32.0,43,3.7,0,1,Low Value
1550,55,1,55.0,19,2.9,0,1,Developing
1551,26,1,26.0,40,2.8,0,2,Low Value
1552,29,1,29.0,13,3.7,0,1,Low Value
1553,49,1,49.0,20,3.0,0,1,Developing
1554,45,1,45.0,21,4.8,0,2,Developing
1555,48,1,48.0,18,2.7,0,1,Developing
1556,47,1,47.0,44,4.5,0,2,Developing
1557,57,1,57.0,26,2.7,0,2,Developing
1558,34,1,34.0,34,3.5,0,2,Low Value
1559,75,1,75.0,24,3.5,0,1,High Value
1560,94,1,94.0,23,4.5,0,1,Premium
1561,84,1,84.0,3,3.8,0,2,Premium
1562,38,1,38.0,2,3.8,0,3,Low Value
1563,75,1,75.0,23,3.2,0,1,High Value
1564,44,1,44.0,8,4.3,0,2,Developing
1565,33,1,33.0,30,4.5,0,1,Low Value
1566,93,1,93.0,48,4.2,0,2,Premium
1567,99,1,99.0,21,3.0,0,1,Premium
1568,33,1,33.0,9,4.1,0,2,Low Value
1569,76,1,76.0,8,4.6,0,2,High Value
1570,63,1,63.0,29,2.9,0,1,High Value
1571,41,1,41.0,3,4.8,0,2,Developing
1572,88,1,88.0,11,4.5,0,1,Premium
1573,92,1,92.0,16,3.4,0,1,Premium
1574,31,1,31.0,25,4.3,0,1,Low Value
1575,25,1,25.0,32,4.2,0,1,Low Value
1576,28,1,28.0,28,3.6,0,1,Low Value
1577,75,1,75.0,36,3.7,0,1,High Value
1578,34,1,34.0,7,4.0,0,2,Low Value
1579,97,1,97.0,2,4.9,0,3,Premium
1580,80,1,80.0,6,3.1,0,2,High Value
1581,71,1,71.0,30,3.7,0,2,High Value
1582,77,1,77.0,46,4.2,0,2,High Value
1583,41,1,41.0,39,2.5,0,1,Developing
1584,92,1,92.0,8,4.3,0,3,Premium
1585,95,1,95.0,46,3.1,0,2,Premium
1586,25,1,25.0,40,3.0,0,1,Low Value
1587,77,1,77.0,21,4.0,0,1,High Value
1588,99,1,99.0,33,3.5,0,1,Premium
1589,24,1,24.0,3,3.2,0,2,Low Value
1590,72,1,72.0,48,2.7,0,1,High Value
1591,80,1,80.0,8,3.0,0,3,High Value
1592,100,1,100.0,24,2.9,0,2,Premium
1593,83,1,83.0,10,3.3,0,2,Premium
1594,95,1,95.0,25,4.9,0,1,Premium
1595,41,1,41.0,3,3.7,0,2,Developing
1596,35,1,35.0,45,3.5,0,1,Low Value
1597,30,1,30.0,15,4.7,0,1,Low Value
1598,21,1,21.0,34,2.6,0,2,Low Value
1599,85,1,85.0,21,4.1,0,1,Premium
1600,54,1,54.0,22,2.8,0,1,Developing
1601,26,1,26.0,24,4.7,0,1,Low Value
1602,59,1,59.0,33,2.9,0,1,Developing
1603,48,1,48.0,13,2.8,0,1,Developing
1604,98,1,98.0,17,4.3,0,1,Premium
1605,92,1,92.0,25,4.8,0,1,Premium
1606,46,1,46.0,15,3.4,0,1,Developing
1607,21,1,21.0,4,4.3,0,2,Low Value
1608,72,1,72.0,43,2.7,0,2,High Value
1609,58,1,58.0,12,4.6,0,1,Developing
1610,93,1,93.0,3,4.1,0,2,Premium
1611,31,1,31.0,1,3.4,0,3,Low Value
1612,26,1,26.0,6,4.5,0,2,Low Value
1613,68,1,68.0,26,4.4,0,1,High Value
1614,31,1,31.0,6,4.0,0,2,Low Value
1615,41,1,41.0,22,3.4,0,1,Developing
1616,62,1,62.0,45,3.2,0,1,High Value
1617,41,1,41.0,50,3.4,0,2,Developing
1618,64,1,64.0,50,4.3,0,1,High Value
1619,72,1,72.0,39,5.0,0,2,High Value
1620,78,1,78.0,50,3.5,0,1,High Value
1621,47,1,47.0,27,3.1,0,1,Developing
1622,46,1,46.0,38,3.9,0,1,Developing
1623,43,1,43.0,37,4.0,0,1,Developing
1624,58,1,58.0,50,3.5,0,2,Developing
1625,32,1,32.0,40,3.6,0,1,Low Value
1626,45,1,45.0,3,3.0,0,2,Developing
1627,35,1,35.0,45,2.6,0,1,Low Value
1628,21,1,21.0,8,2.9,0,3,Low Value
1629,64,1,64.0,7,3.1,0,2,High Value
1630,88,1,88.0,13,3.3,0,2,Premium
1631,48,1,48.0,29,2.9,0,1,Developing
1632,36,1,36.0,7,3.9,0,2,Low Value
1633,28,1,28.0,50,4.7,0,1,Low Value
1634,80,1,80.0,33,4.4,0,1,High Value
1635,23,1,23.0,30,3.6,0,1,Low Value
1636,24,1,24.0,40,3.2,0,2,Low Value
1637,22,1,22.0,49,4.0,0,1,Low Value
1638,21,1,21.0,32,3.5,0,1,Low Value
1639,51,1,51.0,18,4.6,0,1,Developing
1640,65,1,65.0,50,3.3,0,2,High Value
1641,51,1,51.0,13,4.0,0,1,Developing
1642,32,1,32.0,1,3.4,0,2,Low Value
1643,70,1,70.0,16,4.2,0,1,High Value
1644,77,1,77.0,6,3.9,0,2,High Value
1645,90,1,90.0,21,3.9,0,1,Premium
1646,36,1,36.0,36,2.8,0,1,Low Value
1647,77,1,77.0,20,3.7,0,1,High Value
1648,78,1,78.0,8,4.9,0,3,High Value
1649,69,1,69.0,22,2.6,0,1,High Value
1650,63,1,63.0,3,4.9,0,3,High Value
1651,36,1,36.0,46,3.4,0,1,Low Value
1652,80,1,80.0,42,3.9,0,1,High Value
1653,35,1,35.0,1,4.0,0,2,Low Value
1654,93,1,93.0,29,3.0,0,1,Premium
1655,25,1,25.0,14,2.6,0,2,Low Value
1656,81,1,81.0,4,3.2,0,2,High Value
1657,42,1,42.0,41,2.6,0,1,Developing
1658,36,1,36.0,4,3.2,0,2,Low Value
1659,66,1,66.0,47,4.1,0,1,High Value
1660,37,1,37.0,44,3.9,0,2,Low Value
1661,45,1,45.0,37,4.1,0,1,Developing
1662,86,1,86.0,21,2.7,0,2,Premium
1663,24,1,24.0,46,4.6,0,1,Low Value
1664,22,1,22.0,1,3.5,0,2,Low Value
1665,53,1,53.0,35,5.0,0,1,Developing
1666,41,1,41.0,49,3.4,0,1,Developing
1667,64,1,64.0,47,3.1,0,2,High Value
1668,40,1,40.0,24,3.4,0,1,Developing
1669,33,1,33.0,28,4.0,0,1,Low Value
1670,59,1,59.0,22,2.7,0,2,Developing
1671,73,1,73.0,20,3.6,0,1,High Value
1672,22,1,22.0,25,4.0,0,1,Low Value
1673,73,1,73.0,15,3.8,0,2,High Value
1674,62,1,62.0,49,3.4,0,1,High Value
1675,56,1,56.0,10,3.2,0,2,Developing
1676,90,1,90.0,21,4.7,0,2,Premium
1677,44,1,44.0,34,3.1,0,1,Developing
1678,35,1,35.0,41,3.3,0,1,Low Value
1679,71,1,71.0,30,4.8,0,1,High Value
1680,52,1,52.0,24,4.5,0,1,Developing
1681,37,1,37.0,6,3.4,0,3,Low Value
1682,95,1,95.0,14,3.7,0,1,Premium
1683,97,1,97.0,37,4.9,0,1,Premium
1684,57,1,57.0,37,3.5,0,2,Developing
1685,93,1,93.0,28,4.6,0,1,Premium
1686,48,1,48.0,43,4.6,0,1,Developing
1687,75,1,75.0,25,4.2,0,2,High Value
1688,70,1,70.0,4,3.7,0,3,High Value
1689,26,1,26.0,13,3.0,0,1,Low Value
1690,73,1,73.0,32,4.6,0,1,High Value
1691,30,1,30.0,1,3.2,0,3,Low Value
1692,61,1,61.0,4,3.5,0,3,High Value
1693,75,1,75.0,33,2.6,0,1,High Value
1694,88,1,88.0,45,4.9,0,1,Premium
1695,67,1,67.0,20,2.7,0,1,High Value
1696,95,1,95.0,1,4.7,0,2,Premium
1697,69,1,69.0,7,4.0,0,2,High Value
1698,87,1,87.0,48,3.5,0,1,Premium
1699,41,1,41.0,46,4.8,0,2,Developing
1700,67,1,67.0,34,4.0,0,2,High Value
1701,70,1,70.0,36,4.1,0,1,High Value
1702,41,1,41.0,44,3.8,0,1,Developing
1703,83,1,83.0,48,5.0,0,1,Premium
1704,22,1,22.0,12,4.0,0,2,Low Value
1705,20,1,20.0,19,3.9,0,1,Low Value
1706,29,1,29.0,49,3.4,0,1,Low Value
1707,87,1,87.0,25,3.0,0,1,Premium
1708,81,1,81.0,25,4.9,0,1,High Value
1709,58,1,58.0,1,3.2,0,3,Developing
1710,83,1,83.0,19,3.8,0,2,Premium
1711,59,1,59.0,7,3.8,0,3,Developing
1712,93,1,93.0,19,4.7,0,1,Premium
1713,87,1,87.0,9,3.8,0,2,Premium
1714,22,1,22.0,37,4.6,0,2,Low Value
1715,71,1,71.0,15,4.4,0,1,High Value
1716,69,1,69.0,30,3.4,0,1,High Value
1717,47,1,47.0,30,4.7,0,1,Developing
1718,50,1,50.0,16,2.9,0,1,Developing
1719,96,1,96.0,14,3.4,0,1,Premium
1720,39,1,39.0,8,3.2,0,3,Low Value
1721,84,1,84.0,40,2.8,0,1,Premium
1722,28,1,28.0,24,4.3,0,1,Low Value
1723,51,1,51.0,14,3.3,0,1,Developing
1724,20,1,20.0,39,3.3,0,2,Low Value
1725,72,1,72.0,21,3.3,0,1,High Value
1726,33,1,33.0,32,3.0,0,2,Low Value
1727,28,1,28.0,45,2.8,0,1,Low Value
1728,53,1,53.0,19,4.0,0,1,Developing
1729,48,1,48.0,1,4.3,0,2,Developing
1730,21,1,21.0,12,3.8,0,1,Low Value
1731,22,1,22.0,26,4.2,0,1,Low Value
1732,87,1,87.0,12,3.1,0,1,Premium
1733,50,1,50.0,36,2.6,0,1,Developing
1734,85,1,85.0,22,3.4,0,2,Premium
1735,98,1,98.0,16,3.1,0,2,Premium
1736,34,1,34.0,31,3.6,0,2,Low Value
1737,61,1,61.0,43,2.6,0,2,High Value
1738,98,1,98.0,50,4.2,0,1,Premium
1739,61,1,61.0,37,2.9,0,1,High Value
1740,98,1,98.0,23,4.2,0,1,Premium
1741,21,1,21.0,10,3.3,0,2,Low Value
1742,51,1,51.0,20,3.6,0,1,Developing
1743,80,1,80.0,18,4.3,0,1,High Value
1744,72,1,72.0,3,3.3,0,2,High Value
1745,63,1,63.0,23,3.0,0,1,High Value
1746,27,1,27.0,27,3.6,0,1,Low Value
1747,44,1,44.0,44,3.1,0,1,Developing
1748,23,1,23.0,41,2.9,0,2,Low Value
1749,93,1,93.0,41,3.9,0,2,Premium
1750,70,1,70.0,36,3.2,0,1,High Value
1751,85,1,85.0,38,3.1,0,1,Premium
1752,40,1,40.0,34,3.2,0,2,Developing
1753,29,1,29.0,14,3.3,0,2,Low Value
1754,27,1,27.0,23,4.8,0,1,Low Value
1755,93,1,93.0,18,3.8,0,1,Premium
1756,20,1,20.0,45,4.6,0,1,Low Value
1757,55,1,55.0,14,2.8,0,1,Developing
1758,94,1,94.0,48,3.6,0,2,Premium
1759,56,1,56.0,17,4.3,0,1,Developing
1760,58,1,58.0,1,4.0,0,2,Developing
1761,44,1,44.0,39,3.5,0,1,Developing
1762,95,1,95.0,24,4.9,0,1,Premium
1763,42,1,42.0,41,3.1,0,1,Developing
1764,93,1,93.0,28,3.9,0,2,Premium
1765,56,1,56.0,34,3.0,0,2,Developing
1766,88,1,88.0,41,4.1,0,2,Premium
1767,54,1,54.0,27,4.3,0,1,Developing
1768,89,1,89.0,46,3.8,0,1,Premium
1769,45,1,45.0,2,3.9,0,2,Developing
1770,75,1,75.0,45,4.3,0,1,High Value
1771,22,1,22.0,34,4.3,0,1,Low Value
1772,82,1,82.0,9,4.7,0,3,Premium
1773,34,1,34.0,1,3.1,0,3,Low Value
1774,92,1,92.0,17,2.7,0,2,Premium
1775,78,1,78.0,6,3.7,0,2,High Value
1776,47,1,47.0,12,3.3,0,1,Developing
1777,64,1,64.0,10,3.4,0,2,High Value
1778,44,1,44.0,4,4.7,0,2,Developing
1779,94,1,94.0,8,4.9,0,2,Premium
1780,62,1,62.0,41,4.3,0,1,High Value
1781,81,1,81.0,49,4.2,0,1,High Value
1782,33,1,33.0,49,3.7,0,2,Low Value
1783,88,1,88.0,40,2.7,0,1,Premium
1784,49,1,49.0,30,3.3,0,1,Developing
1785,31,1,31.0,4,4.8,0,3,Low Value
1786,29,1,29.0,22,4.1,0,1,Low Value
1787,34,1,34.0,22,4.6,0,1,Low Value
1788,38,1,38.0,10,4.9,0,3,Low Value
1789,41,1,41.0,23,3.1,0,1,Developing
1790,34,1,34.0,43,3.0,0,2,Low Value
1791,26,1,26.0,31,3.7,0,1,Low Value
1792,98,1,98.0,38,4.0,0,2,Premium
1793,59,1,59.0,22,3.0,0,1,Developing
1794,92,1,92.0,45,3.8,0,1,Premium
1795,40,1,40.0,21,3.7,0,1,Developing
1796,20,1,20.0,9,4.0,0,2,Low Value
1797,35,1,35.0,34,3.1,0,1,Low Value
1798,35,1,35.0,26,3.9,0,1,Low Value
1799,82,1,82.0,1,3.7,0,2,Premium
1800,48,1,48.0,47,3.9,0,1,Developing
1801,58,1,58.0,30,2.7,0,1,Developing
1802,57,1,57.0,48,3.9,0,1,Developing
1803,96,1,96.0,31,2.6,0,1,Premium
1804,97,1,97.0,33,3.5,0,1,Premium
1805,42,1,42.0,39,4.4,0,1,Developing
1806,62,1,62.0,46,4.9,0,1,High Value
1807,67,1,67.0,24,3.9,0,2,High Value
1808,46,1,46.0,37,3.5,0,1,Developing
1809,71,1,71.0,7,4.3,0,2,High Value
1810,99,1,99.0,6,3.4,0,2,Premium
1811,28,1,28.0,16,2.7,0,1,Low Value
1812,77,1,77.0,33,3.6,0,2,High Value
1813,63,1,63.0,18,4.9,0,1,High Value
1814,62,1,62.0,24,3.5,0,1,High Value
1815,92,1,92.0,24,3.8,0,2,Premium
1816,72,1,72.0,48,4.5,0,1,High Value
1817,79,1,79.0,4,4.0,0,2,High Value
1818,27,1,27.0,20,4.7,0,1,Low Value
1819,39,1,39.0,47,3.8,0,1,Low Value
1820,86,1,86.0,50,4.5,0,2,Premium
1821,94,1,94.0,31,5.0,0,1,Premium
1822,53,1,53.0,29,2.8,0,2,Developing
1823,85,1,85.0,4,4.4,0,3,Premium
1824,50,1,50.0,40,4.7,0,1,Developing
1825,47,1,47.0,31,3.8,0,1,Developing
1826,75,1,75.0,41,4.9,0,1,High Value
1827,60,1,60.0,44,4.2,0,2,Developing
1828,36,1,36.0,31,4.9,0,1,Low Value
1829,80,1,80.0,45,3.9,0,1,High Value
1830,96,1,96.0,50,4.9,0,2,Premium
1831,80,1,80.0,7,4.8,0,3,High Value
1832,71,1,71.0,5,3.3,0,2,High Value
1833,29,1,29.0,48,4.6,0,1,Low Value
1834,53,1,53.0,19,4.5,0,1,Developing
1835,35,1,35.0,39,4.1,0,1,Low Value
1836,75,1,75.0,45,3.2,0,2,High Value
1837,52,1,52.0,35,4.2,0,1,Developing
1838,77,1,77.0,8,4.8,0,2,High Value
1839,24,1,24.0,11,4.1,0,2,Low Value
1840,78,1,78.0,32,3.7,0,2,High Value
1841,98,1,98.0,46,2.6,0,1,Premium
1842,57,1,57.0,7,3.0,0,2,Developing
1843,78,1,78.0,1,4.4,0,3,High Value
1844,76,1,76.0,32,4.7,0,1,High Value
1845,26,1,26.0,31,2.7,0,2,Low Value
1846,78,1,78.0,39,2.8,0,2,High Value
1847,53,1,53.0,9,2.9,0,3,Developing
1848,100,1,100.0,49,4.4,0,1,Premium
1849,73,1,73.0,34,2.7,0,1,High Value
1850,40,1,40.0,35,4.5,0,1,Developing
1851,76,1,76.0,50,2.8,0,1,High Value
1852,80,1,80.0,4,3.1,0,2,High Value
1853,80,1,80.0,32,3.8,0,1,High Value
1854,67,1,67.0,11,2.9,0,1,High Value
1855,61,1,61.0,49,3.8,0,2,High Value
1856,76,1,76.0,9,4.7,0,3,High Value
1857,55,1,55.0,30,3.2,0,1,Developing
1858,85,1,85.0,33,4.0,0,1,Premium
1859,69,1,69.0,8,4.9,0,3,High Value
1860,26,1,26.0,29,3.7,0,1,Low Value
1861,64,1,64.0,4,4.8,0,2,High Value
1862,60,1,60.0,19,3.6,0,1,Developing
1863,36,1,36.0,10,4.6,0,2,Low Value
1864,21,1,21.0,39,4.3,0,1,Low Value
1865,72,1,72.0,21,3.2,0,2,High Value
1866,62,1,62.0,12,3.8,0,1,High Value
1867,44,1,44.0,9,4.2,0,2,Developing
1868,52,1,52.0,20,3.4,0,2,Developing
1869,58,1,58.0,44,4.7,0,1,Developing
1870,77,1,77.0,16,3.9,0,1,High Value
1871,99,1,99.0,27,4.3,0,1,Premium
1872,96,1,96.0,14,2.7,0,1,Premium
1873,64,1,64.0,24,4.6,0,1,High Value
1874,44,1,44.0,49,2.9,0,1,Developing
1875,33,1,33.0,14,3.6,0,1,Low Value
1876,71,1,71.0,6,3.9,0,3,High Value
1877,36,1,36.0,20,2.6,0,2,Low Value
1878,62,1,62.0,3,3.6,0,3,High Value
1879,29,1,29.0,5,3.4,0,2,Low Value
1880,33,1,33.0,46,3.5,0,1,Low Value
1881,33,1,33.0,8,3.1,0,2,Low Value
1882,41,1,41.0,13,4.3,0,1,Developing
1883,54,1,54.0,25,5.0,0,2,Developing
1884,58,1,58.0,39,4.9,0,1,Developing
1885,30,1,30.0,15,4.3,0,1,Low Value
1886,53,1,53.0,35,4.4,0,1,Developing
1887,91,1,91.0,46,4.4,0,1,Premium
1888,44,1,44.0,3,3.5,0,2,Developing
1889,89,1,89.0,48,3.4,0,1,Premium
1890,57,1,57.0,27,2.5,0,1,Developing
1891,57,1,57.0,5,3.4,0,2,Developing
1892,74,1,74.0,48,2.6,0,2,High Value
1893,30,1,30.0,12,4.6,0,1,Low Value
1894,20,1,20.0,10,3.7,0,2,Low Value
1895,90,1,90.0,48,2.5,0,1,Premium
1896,61,1,61.0,3,4.5,0,2,High Value
1897,51,1,51.0,19,2.9,0,1,Developing
1898,97,1,97.0,11,2.9,0,1,Premium
1899,97,1,97.0,25,3.5,0,1,Premium
1900,40,1,40.0,42,4.2,0,1,Developing
1901,85,1,85.0,34,3.3,0,2,Premium
1902,76,1,76.0,50,3.9,0,2,High Value
1903,22,1,22.0,21,5.0,0,1,Low Value
1904,63,1,63.0,37,3.3,0,1,High Value
1905,71,1,71.0,46,4.2,0,1,High Value
1906,35,1,35.0,14,4.9,0,1,Low Value
1907,30,1,30.0,24,4.6,0,1,Low Value
1908,74,1,74.0,36,4.8,0,1,High Value
1909,71,1,71.0,19,2.7,0,1,High Value
1910,84,1,84.0,12,4.3,0,1,Premium
1911,38,1,38.0,13,3.8,0,2,Low Value
1912,81,1,81.0,32,4.9,0,1,High Value
1913,56,1,56.0,5,3.4,0,2,Developing
1914,48,1,48.0,29,3.6,0,2,Developing
1915,97,1,97.0,40,3.4,0,1,Premium
1916,74,1,74.0,44,4.7,0,1,High Value
1917,50,1,50.0,3,3.0,0,2,Developing
1918,71,1,71.0,35,3.4,0,1,High Value
1919,33,1,33.0,33,4.6,0,1,Low Value
1920,56,1,56.0,20,3.1,0,1,Developing
1921,84,1,84.0,40,2.8,0,1,Premium
1922,36,1,36.0,13,3.5,0,2,Low Value
1923,63,1,63.0,9,4.6,0,2,High Value
1924,36,1,36.0,7,4.3,0,3,Low Value
1925,63,1,63.0,42,4.8,0,2,High Value
1926,32,1,32.0,44,2.9,0,1,Low Value
1927,93,1,93.0,6,3.0,0,3,Premium
1928,29,1,29.0,8,2.9,0,2,Low Value
1929,92,1,92.0,10,3.7,0,2,Premium
1930,33,1,33.0,46,4.7,0,2,Low Value
1931,52,1,52.0,26,3.5,0,1,Developing
1932,42,1,42.0,6,2.7,0,2,Developing
1933,36,1,36.0,47,5.0,0,1,Low Value
1934,67,1,67.0,28,4.1,0,2,High Value
1935,43,1,43.0,23,2.7,0,2,Developing
1936,68,1,68.0,45,4.8,0,1,High Value
1937,60,1,60.0,44,4.3,0,1,Developing
1938,53,1,53.0,11,4.5,0,1,Developing
1939,23,1,23.0,39,3.8,0,1,Low Value
1940,57,1,57.0,20,3.7,0,1,Developing
1941,89,1,89.0,48,3.9,0,1,Premium
1942,99,1,99.0,46,3.3,0,2,Premium
1943,28,1,28.0,22,3.4,0,1,Low Value
1944,53,1,53.0,45,3.8,0,2,Developing
1945,45,1,45.0,49,2.7,0,1,Developing
1946,38,1,38.0,9,2.9,0,2,Low Value
1947,49,1,49.0,41,4.5,0,2,Developing
1948,32,1,32.0,2,2.6,0,2,Low Value
1949,37,1,37.0,39,3.1,0,1,Low Value
1950,80,1,80.0,12,4.7,0,2,High Value
1951,78,1,78.0,26,4.6,0,1,High Value
1952,53,1,53.0,32,2.7,0,1,Developing
1953,82,1,82.0,50,4.6,0,1,Premium
1954,33,1,33.0,3,4.8,0,2,Low Value
1955,77,1,77.0,3,4.2,0,3,High Value
1956,56,1,56.0,37,4.9,0,1,Developing
1957,37,1,37.0,20,4.9,0,1,Low Value
1958,54,1,54.0,26,4.5,0,1,Developing
1959,67,1,67.0,47,2.7,0,2,High Value
1960,90,1,90.0,7,3.1,0,2,Premium
1961,72,1,72.0,40,3.3,0,2,High Value
1962,59,1,59.0,45,2.6,0,2,Developing
1963,45,1,45.0,20,4.4,0,1,Developing
1964,30,1,30.0,11,3.9,0,1,Low Value
1965,51,1,51.0,50,4.6,0,1,Developing
1966,90,1,90.0,25,4.9,0,2,Premium
1967,95,1,95.0,5,3.7,0,2,Premium
1968,81,1,81.0,4,3.7,0,3,High Value
1969,70,1,70.0,25,4.2,0,1,High Value
1970,32,1,32.0,11,3.5,0,1,Low Value
1971,94,1,94.0,4,2.9,0,2,Premium
1972,29,1,29.0,1,3.4,0,2,Low Value
1973,31,1,31.0,48,3.3,0,1,Low Value
1974,20,1,20.0,9,4.5,0,2,Low Value
1975,44,1,44.0,2,4.6,0,2,Developing
1976,77,1,77.0,4,2.9,0,3,High Value
1977,51,1,51.0,43,3.2,0,1,Developing
1978,49,1,49.0,32,2.6,0,2,Developing
1979,78,1,78.0,1,3.8,0,3,High Value
1980,98,1,98.0,38,2.8,0,1,Premium
1981,94,1,94.0,25,4.4,0,1,Premium
1982,91,1,91.0,42,4.7,0,2,Premium
1983,77,1,77.0,32,2.7,0,1,High Value
1984,97,1,97.0,21,2.6,0,2,Premium
1985,58,1,58.0,26,3.4,0,1,Developing
1986,97,1,97.0,6,3.9,0,2,Premium
1987,48,1,48.0,14,3.4,0,2,Developing
1988,23,1,23.0,4,3.4,0,3,Low Value
1989,79,1,79.0,26,3.9,0,1,High Value
1990,42,1,42.0,39,4.0,0,1,Developing
1991,95,1,95.0,15,3.4,0,2,Premium
1992,29,1,29.0,1,3.7,0,2,Low Value
1993,98,1,98.0,28,4.9,0,1,Premium
1994,96,1,96.0,17,5.0,0,1,Premium
1995,66,1,66.0,24,2.9,0,1,High Value
1996,80,1,80.0,29,3.0,0,2,High Value
1997,27,1,27.0,18,3.3,0,1,Low Value
1998,25,1,25.0,10,4.7,0,2,Low Value
1999,45,1,45.0,19,3.4,0,2,Developing
2000,89,1,89.0,26,4.6,0,1,Premium
2001,27,1,27.0,25,3.6,0,1,Low Value
2002,90,1,90.0,2,2.6,0,2,Premium
2003,65,1,65.0,19,2.7,0,1,High Value
2004,72,1,72.0,32,3.1,0,2,High Value
2005,70,1,70.0,13,3.2,0,1,High Value
2006,82,1,82.0,30,3.4,0,1,Premium
2007,97,1,97.0,2,4.4,0,3,Premium
2008,25,1,25.0,8,3.2,0,3,Low Value
2009,48,1,48.0,27,2.5,0,1,Developing
2010,99,1,99.0,26,3.8,0,1,Premium
2011,21,1,21.0,3,4.4,0,2,Low Value
2012,94,1,94.0,4,3.7,0,2,Premium
2013,53,1,53.0,5,3.2,0,2,Developing
2014,70,1,70.0,25,4.9,0,2,High Value
2015,26,1,26.0,47,3.9,0,1,Low Value
2016,82,1,82.0,8,4.5,0,2,Premium
2017,47,1,47.0,20,3.4,0,1,Developing
2018,32,1,32.0,42,4.1,0,1,Low Value
2019,97,1,97.0,20,4.5,0,1,Premium
2020,68,1,68.0,23,4.7,0,1,High Value
2021,23,1,23.0,26,4.8,0,2,Low Value
2022,33,1,33.0,48,4.4,0,2,Low Value
2023,38,1,38.0,16,4.0,0,1,Low Value
2024,68,1,68.0,28,4.1,0,1,High Value
2025,23,1,23.0,39,3.7,0,1,Low Value
2026,29,1,29.0,43,3.0,0,1,Low Value
2027,35,1,35.0,45,3.6,0,1,Low Value
2028,73,1,73.0,50,4.8,0,1,High Value
2029,84,1,84.0,10,3.7,0,2,Premium
2030,23,1,23.0,40,4.6,0,2,Low Value
2031,67,1,67.0,38,2.8,0,1,High Value
2032,51,1,51.0,2,4.0,0,2,Developing
2033,36,1,36.0,13,4.2,0,2,Low Value
2034,55,1,55.0,33,3.6,0,2,Developing
2035,30,1,30.0,27,2.9,0,1,Low Value
2036,70,1,70.0,43,4.1,0,1,High Value
2037,63,1,63.0,46,3.1,0,1,High Value
2038,87,1,87.0,7,4.3,0,2,Premium
2039,70,1,70.0,35,4.4,0,1,High Value
2040,51,1,51.0,31,3.1,0,1,Developing
2041,25,1,25.0,42,2.9,0,2,Low Value
2042,32,1,32.0,14,3.2,0,1,Low Value
2043,52,1,52.0,35,4.0,0,1,Developing
2044,33,1,33.0,49,2.7,0,1,Low Value
2045,68,1,68.0,17,3.0,0,1,High Value
2046,20,1,20.0,26,4.4,0,2,Low Value
2047,32,1,32.0,30,2.8,0,1,Low Value
2048,82,1,82.0,32,3.1,0,2,Premium
2049,64,1,64.0,35,3.9,0,2,High Value
2050,24,1,24.0,15,2.7,0,2,Low Value
2051,96,1,96.0,10,3.4,0,3,Premium
2052,94,1,94.0,14,3.8,0,1,Premium
2053,48,1,48.0,30,3.7,0,2,Developing
2054,60,1,60.0,16,4.5,0,1,Developing
2055,56,1,56.0,14,2.9,0,2,Developing
2056,33,1,33.0,28,3.4,0,1,Low Value
2057,46,1,46.0,29,4.4,0,1,Developing
2058,37,1,37.0,5,4.2,0,2,Low Value
2059,98,1,98.0,17,3.3,0,2,Premium
2060,50,1,50.0,50,3.7,0,1,Developing
2061,63,1,63.0,23,3.2,0,2,High Value
2062,70,1,70.0,22,2.6,0,2,High Value
2063,63,1,63.0,15,2.8,0,2,High Value
2064,86,1,86.0,32,2.9,0,1,Premium
2065,99,1,99.0,5,4.0,0,2,Premium
2066,40,1,40.0,6,2.9,0,2,Developing
2067,92,1,92.0,44,4.7,0,1,Premium
2068,21,1,21.0,23,3.1,0,1,Low Value
2069,81,1,81.0,44,3.9,0,1,High Value
2070,82,1,82.0,3,3.4,0,3,Premium
2071,88,1,88.0,14,3.1,0,1,Premium
2072,100,1,100.0,37,4.8,0,2,Premium
2073,66,1,66.0,22,3.9,0,1,High Value
2074,25,1,25.0,2,3.5,0,2,Low Value
2075,53,1,53.0,44,3.1,0,1,Developing
2076,28,1,28.0,49,4.7,0,1,Low Value
2077,23,1,23.0,22,4.6,0,1,Low Value
2078,34,1,34.0,26,3.3,0,2,Low Value
2079,42,1,42.0,40,3.2,0,1,Developing
2080,24,1,24.0,16,3.1,0,2,Low Value
2081,47,1,47.0,17,3.5,0,1,Developing
2082,78,1,78.0,48,4.3,0,1,High Value
2083,89,1,89.0,28,2.9,0,1,Premium
2084,59,1,59.0,26,2.7,0,1,Developing
2085,94,1,94.0,43,4.0,0,2,Premium
2086,49,1,49.0,38,4.6,0,1,Developing
2087,89,1,89.0,36,4.7,0,1,Premium
2088,91,1,91.0,1,4.7,0,2,Premium
2089,89,1,89.0,49,4.0,0,2,Premium
2090,57,1,57.0,41,3.6,0,1,Developing
2091,71,1,71.0,21,3.4,0,1,High Value
2092,97,1,97.0,24,3.0,0,2,Premium
2093,45,1,45.0,27,2.6,0,1,Developing
2094,91,1,91.0,4,4.2,0,3,Premium
2095,25,1,25.0,19,3.4,0,2,Low Value
2096,63,1,63.0,1,4.0,0,2,High Value
2097,52,1,52.0,27,4.7,0,2,Developing
2098,43,1,43.0,5,3.9,0,2,Developing
2099,28,1,28.0,20,3.3,0,2,Low Value
2100,78,1,78.0,50,2.9,0,2,High Value
2101,31,1,31.0,36,4.4,0,1,Low Value
2102,23,1,23.0,12,3.6,0,1,Low Value
2103,25,1,25.0,23,4.5,0,1,Low Value
2104,86,1,86.0,21,3.7,0,1,Premium
2105,88,1,88.0,47,2.8,0,1,Premium
2106,35,1,35.0,38,4.5,0,1,Low Value
2107,34,1,34.0,40,4.4,0,1,Low Value
2108,75,1,75.0,35,3.3,0,2,High Value
2109,46,1,46.0,4,4.2,0,3,Developing
2110,31,1,31.0,28,2.7,0,1,Low Value
2111,93,1,93.0,36,3.9,0,1,Premium
2112,85,1,85.0,15,2.6,0,2,Premium
2113,68,1,68.0,7,4.5,0,2,High Value
2114,40,1,40.0,29,2.7,0,1,Developing
2115,51,1,51.0,12,2.9,0,2,Developing
2116,85,1,85.0,16,3.4,0,1,Premium
2117,23,1,23.0,50,2.9,0,1,Low Value
2118,28,1,28.0,11,3.8,0,2,Low Value
2119,44,1,44.0,28,4.2,0,2,Developing
2120,57,1,57.0,36,3.5,0,1,Developing
2121,98,1,98.0,38,3.1,0,2,Premium
2122,68,1,68.0,32,3.5,0,1,High Value
2123,36,1,36.0,42,4.0,0,1,Low Value
2124,71,1,71.0,22,3.7,0,1,High Value
2125,60,1,60.0,22,4.2,0,2,Developing
2126,87,1,87.0,31,4.8,0,2,Premium
2127,38,1,38.0,28,4.1,0,1,Low Value
2128,45,1,45.0,40,4.5,0,1,Developing
2129,47,1,47.0,21,2.7,0,1,Developing
2130,57,1,57.0,12,2.8,0,1,Developing
2131,68,1,68.0,33,3.7,0,2,High Value
2132,52,1,52.0,9,3.6,0,2,Developing
2133,87,1,87.0,15,4.7,0,1,Premium
2134,34,1,34.0,13,3.8,0,2,Low Value
2135,41,1,41.0,35,2.9,0,1,Developing
2136,94,1,94.0,1,4.6,0,2,Premium
2137,93,1,93.0,25,2.8,0,1,Premium
2138,51,1,51.0,20,4.6,0,1,Developing
2139,42,1,42.0,36,2.8,0,2,Developing
2140,95,1,95.0,33,3.0,0,1,Premium
2141,90,1,90.0,36,3.7,0,1,Premium
2142,98,1,98.0,32,4.1,0,2,Premium
2143,39,1,39.0,21,4.3,0,2,Low Value
2144,66,1,66.0,48,3.8,0,1,High Value
2145,23,1,23.0,25,3.7,0,2,Low Value
2146,73,1,73.0,32,4.8,0,2,High Value
2147,23,1,23.0,45,4.6,0,1,Low Value
2148,43,1,43.0,4,4.8,0,2,Developing
2149,45,1,45.0,19,4.6,0,1,Developing
2150,21,1,21.0,1,4.0,0,2,Low Value
2151,40,1,40.0,12,2.6,0,1,Developing
2152,58,1,58.0,18,2.6,0,1,Developing
2153,48,1,48.0,43,4.5,0,1,Developing
2154,94,1,94.0,31,4.2,0,2,Premium
2155,74,1,74.0,33,3.4,0,1,High Value
2156,51,1,51.0,46,3.7,0,1,Developing
2157,83,1,83.0,41,3.6,0,1,Premium
2158,68,1,68.0,41,4.0,0,1,High Value
2159,84,1,84.0,9,4.6,0,2,Premium
2160,58,1,58.0,34,3.0,0,2,Developing
2161,92,1,92.0,21,3.3,0,2,Premium
2162,69,1,69.0,5,3.8,0,2,High Value
2163,48,1,48.0,32,2.7,0,1,Developing
2164,60,1,60.0,44,4.5,0,1,Developing
2165,20,1,20.0,46,4.8,0,1,Low Value
2166,55,1,55.0,42,4.2,0,1,Developing
2167,88,1,88.0,50,3.5,0,1,Premium
2168,48,1,48.0,33,4.9,0,1,Developing
2169,74,1,74.0,32,4.1,0,2,High Value
2170,42,1,42.0,32,2.9,0,1,Developing
2171,32,1,32.0,37,4.0,0,1,Low Value
2172,98,1,98.0,9,4.6,0,2,Premium
2173,89,1,89.0,6,2.8,0,2,Premium
2174,97,1,97.0,36,5.0,0,2,Premium
2175,49,1,49.0,1,2.9,0,3,Developing
2176,50,1,50.0,48,3.3,0,1,Developing
2177,91,1,91.0,44,3.4,0,2,Premium
2178,93,1,93.0,9,3.0,0,2,Premium
2179,98,1,98.0,32,4.7,0,2,Premium
2180,82,1,82.0,14,2.9,0,1,Premium
2181,37,1,37.0,43,4.1,0,2,Low Value
2182,63,1,63.0,32,3.2,0,1,High Value
2183,99,1,99.0,26,2.7,0,1,Premium
2184,37,1,37.0,2,4.7,0,2,Low Value
2185,34,1,34.0,16,3.2,0,1,Low Value
2186,32,1,32.0,50,2.5,0,1,Low Value
2187,23,1,23.0,6,4.3,0,2,Low Value
2188,78,1,78.0,20,4.4,0,2,High Value
2189,54,1,54.0,9,4.7,0,2,Developing
2190,94,1,94.0,47,4.0,0,1,Premium
2191,75,1,75.0,33,4.6,0,2,High Value
2192,69,1,69.0,46,3.8,0,1,High Value
2193,35,1,35.0,9,3.2,0,2,Low Value
2194,78,1,78.0,8,5.0,0,2,High Value
2195,29,1,29.0,48,3.5,0,2,Low Value
2196,62,1,62.0,2,3.7,0,2,High Value
2197,58,1,58.0,31,4.8,0,1,Developing
2198,88,1,88.0,40,3.7,0,1,Premium
2199,80,1,80.0,35,3.5,0,1,High Value
2200,47,1,47.0,40,4.9,0,1,Developing
2201,51,1,51.0,27,4.7,0,1,Developing
2202,25,1,25.0,10,4.9,0,3,Low Value
2203,36,1,36.0,23,4.3,0,1,Low Value
2204,79,1,79.0,32,3.1,0,2,High Value
2205,41,1,41.0,6,3.4,0,2,Developing
2206,68,1,68.0,27,2.7,0,1,High Value
2207,51,1,51.0,25,2.6,0,1,Developing
2208,38,1,38.0,11,2.9,0,2,Low Value
2209,46,1,46.0,23,2.7,0,1,Developing
2210,20,1,20.0,44,4.5,0,2,Low Value
2211,25,1,25.0,35,3.1,0,1,Low Value
2212,89,1,89.0,45,3.2,0,1,Premium
2213,77,1,77.0,22,3.3,0,2,High Value
2214,94,1,94.0,18,2.9,0,2,Premium
2215,100,1,100.0,20,4.1,0,1,Premium
2216,96,1,96.0,28,2.7,0,1,Premium
2217,36,1,36.0,15,4.0,0,1,Low Value
2218,27,1,27.0,42,2.6,0,1,Low Value
2219,67,1,67.0,20,3.5,0,2,High Value
2220,91,1,91.0,16,2.8,0,1,Premium
2221,62,1,62.0,47,4.5,0,2,High Value
2222,88,1,88.0,34,3.0,0,2,Premium
2223,66,1,66.0,30,4.4,0,1,High Value
2224,65,1,65.0,5,4.7,0,3,High Value
2225,25,1,25.0,38,4.3,0,2,Low Value
2226,64,1,64.0,18,4.8,0,2,High Value
2227,72,1,72.0,28,4.8,0,2,High Value
2228,74,1,74.0,42,4.4,0,1,High Value
2229,50,1,50.0,5,3.7,0,2,Developing
2230,97,1,97.0,50,3.9,0,1,Premium
2231,36,1,36.0,33,3.8,0,1,Low Value
2232,49,1,49.0,1,4.1,0,2,Developing
2233,64,1,64.0,14,4.0,0,1,High Value
2234,31,1,31.0,48,4.5,0,1,Low Value
2235,66,1,66.0,26,4.0,0,1,High Value
2236,82,1,82.0,44,4.5,0,2,Premium
2237,88,1,88.0,18,2.7,0,1,Premium
2238,34,1,34.0,31,3.8,0,1,Low Value
2239,84,1,84.0,18,3.8,0,1,Premium
2240,96,1,96.0,41,3.8,0,1,Premium
2241,71,1,71.0,18,4.3,0,1,High Value
2242,77,1,77.0,3,3.5,0,2,High Value
2243,66,1,66.0,5,3.8,0,2,High Value
2244,21,1,21.0,13,3.7,0,2,Low Value
2245,37,1,37.0,22,4.8,0,2,Low Value
2246,90,1,90.0,45,4.9,0,1,Premium
2247,96,1,96.0,39,4.3,0,1,Premium
2248,37,1,37.0,18,4.4,0,2,Low Value
2249,66,1,66.0,19,3.4,0,1,High Value
2250,45,1,45.0,29,4.3,0,1,Developing
2251,89,1,89.0,19,4.6,0,1,Premium
2252,94,1,94.0,22,3.8,0,1,Premium
2253,96,1,96.0,21,3.9,0,2,Premium
2254,31,1,31.0,22,2.6,0,1,Low Value
2255,79,1,79.0,44,4.2,0,1,High Value
2256,39,1,39.0,42,4.6,0,2,Low Value
2257,22,1,22.0,33,5.0,0,2,Low Value
2258,32,1,32.0,6,4.2,0,3,Low Value
2259,71,1,71.0,44,4.3,0,1,High Value
2260,96,1,96.0,24,3.3,0,2,Premium
2261,82,1,82.0,16,4.9,0,2,Premium
2262,76,1,76.0,12,4.4,0,1,High Value
2263,22,1,22.0,50,3.1,0,1,Low Value
2264,40,1,40.0,42,3.5,0,2,Developing
2265,92,1,92.0,50,3.9,0,1,Premium
2266,94,1,94.0,10,3.9,0,3,Premium
2267,44,1,44.0,32,4.3,0,1,Developing
2268,49,1,49.0,37,3.8,0,1,Developing
2269,26,1,26.0,15,2.7,0,1,Low Value
2270,38,1,38.0,27,4.4,0,2,Low Value
2271,72,1,72.0,7,3.5,0,2,High Value
2272,99,1,99.0,49,3.4,0,2,Premium
2273,38,1,38.0,44,4.0,0,1,Low Value
2274,96,1,96.0,13,4.8,0,1,Premium
2275,27,1,27.0,38,4.5,0,1,Low Value
2276,24,1,24.0,10,4.4,0,2,Low Value
2277,82,1,82.0,25,4.1,0,1,Premium
2278,56,1,56.0,18,4.6,0,2,Developing
2279,25,1,25.0,6,3.8,0,2,Low Value
2280,67,1,67.0,35,2.9,0,2,High Value
2281,21,1,21.0,31,2.8,0,1,Low Value
2282,27,1,27.0,41,3.0,0,2,Low Value
2283,97,1,97.0,8,4.2,0,3,Premium
2284,45,1,45.0,34,4.1,0,1,Developing
2285,63,1,63.0,20,4.1,0,2,High Value
2286,100,1,100.0,38,4.6,0,1,Premium
2287,38,1,38.0,35,2.5,0,2,Low Value
2288,45,1,45.0,6,3.0,0,3,Developing
2289,91,1,91.0,50,3.8,0,1,Premium
2290,82,1,82.0,47,4.1,0,1,Premium
2291,48,1,48.0,23,3.3,0,2,Developing
2292,30,1,30.0,13,5.0,0,2,Low Value
2293,34,1,34.0,31,3.8,0,1,Low Value
2294,68,1,68.0,16,3.3,0,1,High Value
2295,95,1,95.0,40,5.0,0,2,Premium
2296,22,1,22.0,45,2.9,0,2,Low Value
2297,88,1,88.0,50,2.5,0,1,Premium
2298,83,1,83.0,1,4.7,0,3,Premium
2299,87,1,87.0,10,2.9,0,2,Premium
2300,57,1,57.0,48,3.7,0,1,Developing
2301,88,1,88.0,38,4.4,0,1,Premium
2302,20,1,20.0,21,2.9,0,2,Low Value
2303,39,1,39.0,38,3.6,0,1,Low Value
2304,71,1,71.0,31,4.8,0,1,High Value
2305,73,1,73.0,9,4.7,0,2,High Value
2306,63,1,63.0,47,2.6,0,1,High Value
2307,78,1,78.0,8,3.4,0,2,High Value
2308,96,1,96.0,30,3.5,0,2,Premium
2309,81,1,81.0,22,3.4,0,2,High Value
2310,95,1,95.0,3,5.0,0,3,Premium
2311,68,1,68.0,15,4.6,0,1,High Value
2312,28,1,28.0,10,4.8,0,2,Low Value
2313,30,1,30.0,19,3.7,0,1,Low Value
2314,31,1,31.0,36,4.7,0,1,Low Value
2315,95,1,95.0,12,4.4,0,1,Premium
2316,79,1,79.0,49,3.5,0,2,High Value
2317,39,1,39.0,7,3.8,0,3,Low Value
2318,34,1,34.0,28,4.7,0,1,Low Value
2319,28,1,28.0,30,3.1,0,2,Low Value
2320,38,1,38.0,29,5.0,0,1,Low Value
2321,55,1,55.0,9,3.7,0,2,Developing
2322,31,1,31.0,27,3.0,0,1,Low Value
2323,84,1,84.0,21,4.5,0,1,Premium
2324,93,1,93.0,36,4.7,0,1,Premium
2325,28,1,28.0,19,3.5,0,2,Low Value
2326,55,1,55.0,47,4.4,0,1,Developing
2327,63,1,63.0,38,2.6,0,2,High Value
2328,94,1,94.0,22,4.2,0,1,Premium
2329,36,1,36.0,29,2.6,0,1,Low Value
2330,97,1,97.0,42,4.8,0,2,Premium
2331,63,1,63.0,47,2.9,0,1,High Value
2332,77,1,77.0,10,4.3,0,2,High Value
2333,53,1,53.0,10,2.6,0,2,Developing
2334,77,1,77.0,1,3.8,0,2,High Value
2335,79,1,79.0,7,4.2,0,2,High Value
2336,37,1,37.0,10,3.9,0,2,Low Value
2337,94,1,94.0,11,3.1,0,1,Premium
2338,76,1,76.0,5,3.6,0,3,High Value
2339,68,1,68.0,21,4.0,0,2,High Value
2340,65,1,65.0,24,3.4,0,2,High Value
2341,24,1,24.0,37,2.6,0,1,Low Value
2342,31,1,31.0,22,4.5,0,1,Low Value
2343,89,1,89.0,16,4.9,0,1,Premium
2344,49,1,49.0,44,4.4,0,1,Developing
2345,92,1,92.0,14,3.5,0,1,Premium
2346,32,1,32.0,23,3.3,0,1,Low Value
2347,67,1,67.0,46,3.1,0,1,High Value
2348,64,1,64.0,46,4.2,0,1,High Value
2349,84,1,84.0,16,4.9,0,1,Premium
2350,34,1,34.0,40,3.9,0,1,Low Value
2351,26,1,26.0,21,4.2,0,2,Low Value
2352,50,1,50.0,25,4.9,0,1,Developing
2353,46,1,46.0,25,2.8,0,2,Developing
2354,71,1,71.0,25,4.1,0,1,High Value
2355,78,1,78.0,27,4.8,0,1,High Value
2356,35,1,35.0,12,4.1,0,1,Low Value
2357,58,1,58.0,27,3.0,0,2,Developing
2358,67,1,67.0,40,4.2,0,1,High Value
2359,93,1,93.0,38,3.8,0,2,Premium
2360,81,1,81.0,44,3.3,0,1,High Value
2361,80,1,80.0,27,4.7,0,1,High Value
2362,64,1,64.0,30,4.3,0,1,High Value
2363,41,1,41.0,24,2.7,0,1,Developing
2364,79,1,79.0,38,4.2,0,1,High Value
2365,60,1,60.0,4,4.2,0,3,Developing
2366,91,1,91.0,32,2.5,0,1,Premium
2367,66,1,66.0,32,3.6,0,1,High Value
2368,85,1,85.0,28,3.4,0,1,Premium
2369,38,1,38.0,6,3.3,0,2,Low Value
2370,23,1,23.0,24,4.6,0,1,Low Value
2371,71,1,71.0,38,3.9,0,1,High Value
2372,25,1,25.0,28,3.7,0,2,Low Value
2373,39,1,39.0,9,3.1,0,2,Low Value
2374,20,1,20.0,21,4.9,0,1,Low Value
2375,73,1,73.0,31,4.7,0,1,High Value
2376,63,1,63.0,18,2.9,0,2,High Value
2377,94,1,94.0,5,4.1,0,2,Premium
2378,94,1,94.0,22,4.0,0,2,Premium
2379,71,1,71.0,37,2.7,0,1,High Value
2380,77,1,77.0,22,4.0,0,1,High Value
2381,66,1,66.0,36,2.5,0,1,High Value
2382,23,1,23.0,23,4.5,0,2,Low Value
2383,60,1,60.0,44,3.9,0,1,Developing
2384,72,1,72.0,25,4.9,0,2,High Value
2385,35,1,35.0,40,3.3,0,2,Low Value
2386,31,1,31.0,12,3.8,0,1,Low Value
2387,33,1,33.0,14,2.9,0,1,Low Value
2388,95,1,95.0,14,4.0,0,1,Premium
2389,68,1,68.0,10,4.1,0,3,High Value
2390,87,1,87.0,17,3.1,0,1,Premium
2391,64,1,64.0,24,4.6,0,1,High Value
2392,74,1,74.0,31,4.6,0,2,High Value
2393,62,1,62.0,36,2.6,0,2,High Value
2394,97,1,97.0,38,5.0,0,1,Premium
2395,47,1,47.0,23,2.9,0,1,Developing
2396,83,1,83.0,47,3.5,0,1,Premium
2397,82,1,82.0,20,3.7,0,1,Premium
2398,26,1,26.0,41,2.9,0,1,Low Value
2399,81,1,81.0,44,4.3,0,1,High Value
2400,44,1,44.0,31,3.2,0,1,Developing
2401,88,1,88.0,11,4.2,0,1,Premium
2402,76,1,76.0,25,4.2,0,1,High Value
2403,89,1,89.0,31,3.8,0,1,Premium
2404,22,1,22.0,40,4.4,0,1,Low Value
2405,33,1,33.0,23,3.1,0,1,Low Value
2406,97,1,97.0,5,5.0,0,3,Premium
2407,57,1,57.0,26,4.7,0,1,Developing
2408,38,1,38.0,11,3.0,0,1,Low Value
2409,55,1,55.0,44,4.2,0,1,Developing
2410,37,1,37.0,47,3.0,0,1,Low Value
2411,43,1,43.0,46,3.7,0,1,Developing
2412,96,1,96.0,35,2.7,0,1,Premium
2413,51,1,51.0,8,4.3,0,2,Developing
2414,95,1,95.0,30,2.7,0,1,Premium
2415,26,1,26.0,14,3.7,0,1,Low Value
2416,34,1,34.0,30,4.3,0,1,Low Value
2417,83,1,83.0,26,4.0,0,1,Premium
2418,24,1,24.0,32,3.3,0,1,Low Value
2419,69,1,69.0,47,4.0,0,1,High Value
2420,40,1,40.0,11,2.7,0,1,Developing
2421,87,1,87.0,28,4.2,0,2,Premium
2422,46,1,46.0,2,4.6,0,2,Developing
2423,82,1,82.0,45,4.8,0,1,Premium
2424,81,1,81.0,7,2.8,0,2,High Value
2425,57,1,57.0,28,4.5,0,1,Developing
2426,49,1,49.0,34,3.0,0,2,Developing
2427,42,1,42.0,26,4.6,0,1,Developing
2428,26,1,26.0,45,3.3,0,2,Low Value
2429,38,1,38.0,34,4.4,0,2,Low Value
2430,57,1,57.0,47,4.4,0,1,Developing
2431,100,1,100.0,42,4.3,0,2,Premium
2432,73,1,73.0,27,3.4,0,1,High Value
2433,66,1,66.0,43,2.8,0,1,High Value
2434,73,1,73.0,16,3.4,0,1,High Value
2435,45,1,45.0,40,5.0,0,1,Developing
2436,27,1,27.0,29,4.5,0,1,Low Value
2437,24,1,24.0,38,2.7,0,2,Low Value
2438,59,1,59.0,34,3.4,0,1,Developing
2439,20,1,20.0,30,3.4,0,1,Low Value
2440,44,1,44.0,45,2.8,0,2,Developing
2441,90,1,90.0,47,4.7,0,2,Premium
2442,36,1,36.0,5,4.7,0,2,Low Value
2443,95,1,95.0,50,4.7,0,1,Premium
2444,30,1,30.0,24,3.4,0,1,Low Value
2445,65,1,65.0,15,3.7,0,1,High Value
2446,96,1,96.0,50,4.1,0,1,Premium
2447,65,1,65.0,7,2.9,0,2,High Value
2448,47,1,47.0,10,3.2,0,2,Developing
2449,25,1,25.0,38,3.0,0,1,Low Value
2450,56,1,56.0,31,4.1,0,1,Developing
2451,76,1,76.0,7,4.5,0,3,High Value
2452,60,1,60.0,27,3.4,0,1,Developing
2453,67,1,67.0,45,4.1,0,1,High Value
2454,95,1,95.0,13,4.6,0,2,Premium
2455,72,1,72.0,33,4.6,0,2,High Value
2456,98,1,98.0,25,3.4,0,1,Premium
2457,83,1,83.0,5,3.3,0,2,Premium
2458,37,1,37.0,23,3.6,0,2,Low Value
2459,85,1,85.0,17,4.6,0,1,Premium
2460,36,1,36.0,14,4.3,0,1,Low Value
2461,36,1,36.0,28,4.0,0,2,Low Value
2462,86,1,86.0,19,4.8,0,1,Premium
2463,99,1,99.0,31,4.3,0,1,Premium
2464,21,1,21.0,25,3.3,0,1,Low Value
2465,84,1,84.0,4,2.8,0,2,Premium
2466,63,1,63.0,20,4.4,0,1,High Value
2467,84,1,84.0,37,3.7,0,2,Premium
2468,72,1,72.0,28,3.6,0,2,High Value
2469,21,1,21.0,6,3.7,0,2,Low Value
2470,92,1,92.0,27,5.0,0,2,Premium
2471,72,1,72.0,29,2.7,0,1,High Value
2472,83,1,83.0,1,4.3,0,3,Premium
2473,73,1,73.0,31,4.1,0,2,High Value
2474,98,1,98.0,28,2.6,0,2,Premium
2475,76,1,76.0,19,3.2,0,2,High Value
2476,43,1,43.0,36,3.5,0,1,Developing
2477,60,1,60.0,28,3.7,0,1,Developing
2478,40,1,40.0,29,3.8,0,1,Developing
2479,93,1,93.0,9,4.8,0,2,Premium
2480,98,1,98.0,26,4.2,0,1,Premium
2481,91,1,91.0,7,2.9,0,2,Premium
2482,92,1,92.0,35,2.9,0,1,Premium
2483,87,1,87.0,46,4.8,0,1,Premium
2484,96,1,96.0,8,2.9,0,2,Premium
2485,97,1,97.0,50,4.8,0,1,Premium
2486,55,1,55.0,37,4.6,0,2,Developing
2487,58,1,58.0,6,4.4,0,2,Developing
2488,21,1,21.0,16,3.0,0,1,Low Value
2489,82,1,82.0,30,4.4,0,1,Premium
2490,34,1,34.0,50,3.9,0,2,Low Value
2491,78,1,78.0,5,4.0,0,2,High Value
2492,47,1,47.0,15,2.5,0,1,Developing
2493,96,1,96.0,34,4.1,0,1,Premium
2494,23,1,23.0,6,4.8,0,2,Low Value
2495,27,1,27.0,26,2.6,0,2,Low Value
2496,37,1,37.0,34,3.1,0,1,Low Value
2497,79,1,79.0,37,3.2,0,1,High Value
2498,40,1,40.0,28,4.2,0,2,Developing
2499,39,1,39.0,38,2.6,0,1,Low Value
2500,73,1,73.0,2,3.1,0,3,High Value
2501,84,1,84.0,32,2.9,0,1,Premium
2502,94,1,94.0,30,4.6,0,1,Premium
2503,47,1,47.0,17,4.1,0,1,Developing
2504,77,1,77.0,5,2.5,0,2,High Value
2505,94,1,94.0,31,4.0,0,1,Premium
2506,75,1,75.0,43,3.5,0,2,High Value
2507,82,1,82.0,19,4.4,0,2,Premium
2508,36,1,36.0,32,2.9,0,1,Low Value
2509,90,1,90.0,5,3.1,0,2,Premium
2510,48,1,48.0,9,4.4,0,3,Developing
2511,42,1,42.0,48,4.4,0,1,Developing
2512,33,1,33.0,1,2.7,0,3,Low Value
2513,63,1,63.0,20,4.9,0,1,High Value
2514,53,1,53.0,42,3.5,0,2,Developing
2515,37,1,37.0,45,4.8,0,1,Low Value
2516,92,1,92.0,41,4.2,0,1,Premium
2517,73,1,73.0,36,4.6,0,2,High Value
2518,38,1,38.0,10,2.9,0,3,Low Value
2519,51,1,51.0,31,4.0,0,2,Developing
2520,90,1,90.0,21,4.9,0,2,Premium
2521,56,1,56.0,16,3.1,0,1,Developing
2522,33,1,33.0,18,4.4,0,1,Low Value
2523,53,1,53.0,20,2.5,0,1,Developing
2524,24,1,24.0,21,3.4,0,2,Low Value
2525,59,1,59.0,23,3.7,0,2,Developing
2526,72,1,72.0,20,4.2,0,1,High Value
2527,28,1,28.0,30,3.4,0,1,Low Value
2528,36,1,36.0,33,3.6,0,1,Low Value
2529,47,1,47.0,31,4.7,0,1,Developing
2530,62,1,62.0,48,4.7,0,1,High Value
2531,98,1,98.0,28,3.6,0,1,Premium
2532,28,1,28.0,7,4.6,0,2,Low Value
2533,86,1,86.0,4,2.6,0,2,Premium
2534,46,1,46.0,49,3.1,0,1,Developing
2535,42,1,42.0,22,3.2,0,1,Developing
2536,80,1,80.0,39,3.9,0,1,High Value
2537,39,1,39.0,45,4.9,0,1,Low Value
2538,49,1,49.0,30,4.1,0,1,Developing
2539,32,1,32.0,33,4.2,0,1,Low Value
2540,73,1,73.0,24,4.1,0,1,High Value
2541,42,1,42.0,11,3.9,0,2,Developing
2542,58,1,58.0,13,2.7,0,1,Developing
2543,22,1,22.0,27,3.7,0,2,Low Value
2544,56,1,56.0,30,2.7,0,1,Developing
2545,70,1,70.0,39,2.5,0,2,High Value
2546,50,1,50.0,10,3.9,0,3,Developing
2547,21,1,21.0,4,3.0,0,3,Low Value
2548,97,1,97.0,16,3.2,0,1,Premium
2549,63,1,63.0,34,3.8,0,1,High Value
2550,60,1,60.0,11,2.7,0,1,Developing
2551,52,1,52.0,30,3.0,0,1,Developing
2552,32,1,32.0,40,4.1,0,2,Low Value
2553,48,1,48.0,13,3.2,0,2,Developing
2554,25,1,25.0,28,4.5,0,1,Low Value
2555,68,1,68.0,49,4.3,0,1,High Value
2556,74,1,74.0,23,3.5,0,1,High Value
2557,88,1,88.0,4,3.1,0,3,Premium
2558,23,1,23.0,17,3.9,0,1,Low Value
2559,32,1,32.0,24,2.7,0,1,Low Value
2560,71,1,71.0,21,4.0,0,1,High Value
2561,62,1,62.0,17,2.7,0,1,High Value
2562,20,1,20.0,22,2.7,0,2,Low Value
2563,62,1,62.0,27,4.7,0,1,High Value
2564,81,1,81.0,1,4.5,0,2,High Value
2565,90,1,90.0,27,3.0,0,1,Premium
2566,43,1,43.0,8,3.6,0,3,Developing
2567,38,1,38.0,43,3.3,0,2,Low Value
2568,25,1,25.0,24,4.3,0,1,Low Value
2569,98,1,98.0,29,4.3,0,1,Premium
2570,75,1,75.0,10,4.8,0,2,High Value
2571,27,1,27.0,12,4.0,0,1,Low Value
2572,27,1,27.0,48,3.5,0,1,Low Value
2573,42,1,42.0,40,3.9,0,2,Developing
2574,90,1,90.0,1,4.4,0,3,Premium
2575,63,1,63.0,26,4.6,0,1,High Value
2576,96,1,96.0,9,4.0,0,3,Premium
2577,40,1,40.0,19,4.2,0,2,Developing
2578,39,1,39.0,37,4.5,0,1,Low Value
2579,48,1,48.0,3,3.9,0,3,Developing
2580,20,1,20.0,40,3.7,0,1,Low Value
2581,29,1,29.0,13,3.6,0,2,Low Value
2582,81,1,81.0,48,4.7,0,1,High Value
2583,98,1,98.0,4,3.6,0,2,Premium
2584,93,1,93.0,9,2.5,0,2,Premium
2585,30,1,30.0,26,2.9,0,1,Low Value
2586,37,1,37.0,19,4.4,0,1,Low Value
2587,28,1,28.0,1,4.6,0,2,Low Value
2588,29,1,29.0,29,3.7,0,1,Low Value
2589,49,1,49.0,38,3.2,0,1,Developing
2590,53,1,53.0,31,4.9,0,2,Developing
2591,66,1,66.0,35,5.0,0,2,High Value
2592,61,1,61.0,40,3.3,0,2,High Value
2593,23,1,23.0,13,4.4,0,2,Low Value
2594,36,1,36.0,9,4.7,0,2,Low Value
2595,81,1,81.0,25,3.6,0,1,High Value
2596,56,1,56.0,3,3.2,0,2,Developing
2597,78,1,78.0,35,3.0,0,1,High Value
2598,25,1,25.0,13,4.4,0,1,Low Value
2599,86,1,86.0,31,3.3,0,2,Premium
2600,99,1,99.0,48,3.4,0,1,Premium
2601,83,1,83.0,6,3.9,0,2,Premium
2602,33,1,33.0,43,2.9,0,1,Low Value
2603,44,1,44.0,1,2.9,0,3,Developing
2604,58,1,58.0,8,2.7,0,3,Developing
2605,54,1,54.0,6,3.4,0,2,Developing
2606,93,1,93.0,32,3.7,0,1,Premium
2607,98,1,98.0,46,4.7,0,1,Premium
2608,36,1,36.0,38,3.1,0,1,Low Value
2609,68,1,68.0,48,4.2,0,1,High Value
2610,95,1,95.0,18,3.0,0,1,Premium
2611,93,1,93.0,25,3.1,0,2,Premium
2612,99,1,99.0,4,4.2,0,2,Premium
2613,22,1,22.0,27,3.8,0,2,Low Value
2614,88,1,88.0,14,2.9,0,1,Premium
2615,65,1,65.0,36,4.2,0,1,High Value
2616,62,1,62.0,6,3.1,0,3,High Value
2617,55,1,55.0,46,3.6,0,2,Developing
2618,97,1,97.0,29,4.8,0,2,Premium
2619,77,1,77.0,12,4.1,0,1,High Value
2620,40,1,40.0,47,3.9,0,1,Developing
2621,23,1,23.0,28,3.0,0,2,Low Value
2622,46,1,46.0,21,3.0,0,2,Developing
2623,75,1,75.0,15,4.9,0,2,High Value
2624,76,1,76.0,38,4.8,0,2,High Value
2625,59,1,59.0,19,3.3,0,2,Developing
2626,51,1,51.0,31,2.7,0,1,Developing
2627,46,1,46.0,30,4.2,0,1,Developing
2628,26,1,26.0,40,3.6,0,2,Low Value
2629,51,1,51.0,42,3.8,0,1,Developing
2630,44,1,44.0,25,3.8,0,2,Developing
2631,82,1,82.0,20,4.2,0,2,Premium
2632,44,1,44.0,3,2.7,0,2,Developing
2633,27,1,27.0,14,5.0,0,2,Low Value
2634,90,1,90.0,32,4.7,0,1,Premium
2635,58,1,58.0,20,3.2,0,1,Developing
2636,80,1,80.0,34,2.9,0,1,High Value
2637,40,1,40.0,6,4.2,0,3,Developing
2638,23,1,23.0,2,3.7,0,3,Low Value
2639,34,1,34.0,35,4.2,0,2,Low Value
2640,35,1,35.0,33,2.6,0,2,Low Value
2641,75,1,75.0,45,4.0,0,1,High Value
2642,60,1,60.0,20,2.7,0,1,Developing
2643,87,1,87.0,48,4.0,0,2,Premium
2644,41,1,41.0,37,2.9,0,1,Developing
2645,83,1,83.0,4,3.3,0,2,Premium
2646,81,1,81.0,24,4.0,0,1,High Value
2647,56,1,56.0,4,3.9,0,2,Developing
2648,58,1,58.0,25,3.3,0,2,Developing
2649,84,1,84.0,14,3.9,0,1,Premium
2650,21,1,21.0,14,3.9,0,1,Low Value
2651,35,1,35.0,46,4.2,0,1,Low Value
2652,43,1,43.0,27,4.6,0,2,Developing
2653,20,1,20.0,46,3.3,0,1,Low Value
2654,36,1,36.0,24,4.8,0,1,Low Value
2655,70,1,70.0,4,4.1,0,3,High Value
2656,83,1,83.0,2,3.4,0,2,Premium
2657,76,1,76.0,29,3.6,0,1,High Value
2658,81,1,81.0,7,2.7,0,2,High Value
2659,47,1,47.0,39,3.2,0,1,Developing
2660,35,1,35.0,46,4.4,0,1,Low Value
2661,85,1,85.0,44,4.9,0,2,Premium
2662,96,1,96.0,20,4.8,0,2,Premium
2663,98,1,98.0,44,2.8,0,1,Premium
2664,52,1,52.0,23,2.9,0,2,Developing
2665,84,1,84.0,37,3.2,0,1,Premium
2666,71,1,71.0,4,3.5,0,2,High Value
2667,95,1,95.0,14,4.1,0,1,Premium
2668,47,1,47.0,31,4.1,0,1,Developing
2669,75,1,75.0,9,4.8,0,3,High Value
2670,28,1,28.0,31,2.8,0,1,Low Value
2671,44,1,44.0,26,4.7,0,1,Developing
2672,64,1,64.0,41,4.8,0,1,High Value
2673,28,1,28.0,13,2.9,0,2,Low Value
2674,21,1,21.0,4,2.6,0,2,Low Value
2675,41,1,41.0,15,3.3,0,1,Developing
2676,38,1,38.0,38,3.4,0,1,Low Value
2677,77,1,77.0,3,3.6,0,2,High Value
2678,43,1,43.0,6,3.8,0,2,Developing
2679,91,1,91.0,34,3.4,0,1,Premium
2680,68,1,68.0,7,3.8,0,3,High Value
2681,37,1,37.0,21,3.3,0,2,Low Value
2682,23,1,23.0,17,4.8,0,1,Low Value
2683,65,1,65.0,5,3.9,0,2,High Value
2684,30,1,30.0,21,4.2,0,1,Low Value
2685,45,1,45.0,42,4.7,0,1,Developing
2686,25,1,25.0,49,2.7,0,2,Low Value
2687,72,1,72.0,33,3.8,0,1,High Value
2688,75,1,75.0,12,3.6,0,1,High Value
2689,63,1,63.0,18,2.9,0,1,High Value
2690,35,1,35.0,47,3.9,0,2,Low Value
2691,32,1,32.0,18,4.7,0,1,Low Value
2692,25,1,25.0,48,3.3,0,1,Low Value
2693,90,1,90.0,18,4.2,0,1,Premium
2694,70,1,70.0,46,2.6,0,2,High Value
2695,27,1,27.0,34,4.9,0,1,Low Value
2696,92,1,92.0,10,3.6,0,2,Premium
2697,20,1,20.0,12,4.7,0,1,Low Value
2698,52,1,52.0,36,3.2,0,2,Developing
2699,57,1,57.0,34,3.6,0,2,Developing
2700,96,1,96.0,49,3.6,0,2,Premium
2701,68,1,68.0,36,3.2,0,1,High Value
2702,30,1,30.0,18,2.8,0,1,Low Value
2703,37,1,37.0,39,4.0,0,1,Low Value
2704,42,1,42.0,34,4.4,0,1,Developing
2705,54,1,54.0,35,3.4,0,1,Developing
2706,81,1,81.0,1,5.0,0,2,High Value
2707,40,1,40.0,48,3.1,0,2,Developing
2708,88,1,88.0,19,4.2,0,1,Premium
2709,94,1,94.0,44,3.3,0,1,Premium
2710,54,1,54.0,9,2.9,0,2,Developing
2711,51,1,51.0,3,4.7,0,2,Developing
2712,22,1,22.0,50,4.0,0,1,Low Value
2713,95,1,95.0,7,4.6,0,3,Premium
2714,57,1,57.0,20,3.8,0,2,Developing
2715,45,1,45.0,16,3.6,0,1,Developing
2716,92,1,92.0,29,4.1,0,1,Premium
2717,40,1,40.0,21,2.7,0,1,Developing
2718,62,1,62.0,19,4.3,0,1,High Value
2719,90,1,90.0,10,4.9,0,2,Premium
2720,82,1,82.0,4,4.2,0,2,Premium
2721,52,1,52.0,45,2.8,0,2,Developing
2722,70,1,70.0,17,4.9,0,1,High Value
2723,83,1,83.0,22,2.8,0,1,Premium
2724,49,1,49.0,3,2.9,0,2,Developing
2725,91,1,91.0,11,2.5,0,1,Premium
2726,99,1,99.0,4,2.7,0,3,Premium
2727,92,1,92.0,11,3.3,0,1,Premium
2728,87,1,87.0,47,3.7,0,1,Premium
2729,28,1,28.0,17,4.0,0,1,Low Value
2730,71,1,71.0,32,4.1,0,1,High Value
2731,32,1,32.0,37,4.1,0,2,Low Value
2732,33,1,33.0,44,2.5,0,2,Low Value
2733,75,1,75.0,27,4.2,0,1,High Value
2734,83,1,83.0,46,4.7,0,2,Premium
2735,93,1,93.0,13,2.7,0,1,Premium
2736,29,1,29.0,2,3.0,0,2,Low Value
2737,25,1,25.0,45,4.8,0,2,Low Value
2738,76,1,76.0,35,4.4,0,1,High Value
2739,81,1,81.0,39,4.3,0,1,High Value
2740,80,1,80.0,39,2.5,0,1,High Value
2741,70,1,70.0,34,4.9,0,1,High Value
2742,81,1,81.0,41,4.9,0,1,High Value
2743,86,1,86.0,47,3.9,0,2,Premium
2744,94,1,94.0,17,4.1,0,2,Premium
2745,66,1,66.0,40,3.3,0,1,High Value
2746,98,1,98.0,44,4.1,0,1,Premium
2747,25,1,25.0,21,3.7,0,1,Low Value
2748,62,1,62.0,21,3.1,0,1,High Value
2749,98,1,98.0,16,3.0,0,2,Premium
2750,53,1,53.0,15,3.4,0,2,Developing
2751,66,1,66.0,26,2.7,0,1,High Value
2752,52,1,52.0,50,3.1,0,1,Developing
2753,64,1,64.0,30,4.0,0,1,High Value
2754,59,1,59.0,48,3.6,0,2,Developing
2755,61,1,61.0,21,3.6,0,1,High Value
2756,97,1,97.0,18,3.3,0,2,Premium
2757,23,1,23.0,41,4.1,0,1,Low Value
2758,98,1,98.0,11,4.3,0,1,Premium
2759,98,1,98.0,8,3.2,0,2,Premium
2760,59,1,59.0,42,3.9,0,1,Developing
2761,82,1,82.0,41,5.0,0,1,Premium
2762,82,1,82.0,3,3.4,0,2,Premium
2763,41,1,41.0,10,3.8,0,2,Developing
2764,52,1,52.0,35,2.9,0,2,Developing
2765,41,1,41.0,2,2.6,0,2,Developing
2766,70,1,70.0,24,4.3,0,2,High Value
2767,91,1,91.0,47,2.8,0,1,Premium
2768,95,1,95.0,31,4.5,0,1,Premium
2769,25,1,25.0,28,3.8,0,1,Low Value
2770,89,1,89.0,13,3.0,0,1,Premium
2771,44,1,44.0,22,3.3,0,2,Developing
2772,52,1,52.0,12,3.1,0,1,Developing
2773,94,1,94.0,10,3.5,0,2,Premium
2774,98,1,98.0,45,4.6,0,2,Premium
2775,40,1,40.0,42,4.1,0,2,Developing
2776,25,1,25.0,16,3.6,0,1,Low Value
2777,62,1,62.0,6,2.9,0,3,High Value
2778,24,1,24.0,28,4.8,0,1,Low Value
2779,57,1,57.0,24,3.2,0,1,Developing
2780,66,1,66.0,14,4.3,0,1,High Value
2781,70,1,70.0,29,4.1,0,1,High Value
2782,39,1,39.0,33,4.6,0,1,Low Value
2783,34,1,34.0,30,3.8,0,2,Low Value
2784,38,1,38.0,26,4.5,0,2,Low Value
2785,70,1,70.0,12,3.1,0,1,High Value
2786,80,1,80.0,13,2.9,0,1,High Value
2787,51,1,51.0,41,3.8,0,1,Developing
2788,79,1,79.0,4,4.1,0,2,High Value
2789,92,1,92.0,2,3.1,0,3,Premium
2790,85,1,85.0,28,5.0,0,1,Premium
2791,63,1,63.0,24,4.5,0,2,High Value
2792,60,1,60.0,14,2.8,0,1,Developing
2793,44,1,44.0,11,3.2,0,1,Developing
2794,57,1,57.0,27,3.1,0,1,Developing
2795,24,1,24.0,7,3.3,0,2,Low Value
2796,35,1,35.0,49,3.4,0,2,Low Value
2797,73,1,73.0,21,3.8,0,2,High Value
2798,42,1,42.0,10,3.5,0,2,Developing
2799,20,1,20.0,37,4.8,0,1,Low Value
2800,89,1,89.0,9,3.9,0,2,Premium
2801,76,1,76.0,14,3.4,0,1,High Value
2802,56,1,56.0,30,2.6,0,2,Developing
2803,100,1,100.0,42,3.1,0,1,Premium
2804,44,1,44.0,31,3.3,0,1,Developing
2805,76,1,76.0,48,2.8,0,1,High Value
2806,97,1,97.0,48,4.3,0,2,Premium
2807,39,1,39.0,50,2.7,0,2,Low Value
2808,100,1,100.0,10,4.4,0,2,Premium
2809,62,1,62.0,45,3.9,0,1,High Value
2810,98,1,98.0,27,3.0,0,2,Premium
2811,31,1,31.0,10,4.0,0,2,Low Value
2812,89,1,89.0,19,3.7,0,2,Premium
2813,91,1,91.0,1,3.8,0,2,Premium
2814,50,1,50.0,39,3.3,0,2,Developing
2815,32,1,32.0,14,3.6,0,1,Low Value
2816,67,1,67.0,40,3.9,0,1,High Value
2817,28,1,28.0,45,3.5,0,1,Low Value
2818,65,1,65.0,6,3.4,0,2,High Value
2819,73,1,73.0,12,4.7,0,2,High Value
2820,27,1,27.0,19,3.0,0,1,Low Value
2821,89,1,89.0,5,3.9,0,2,Premium
2822,72,1,72.0,37,4.5,0,1,High Value
2823,37,1,37.0,33,4.1,0,2,Low Value
2824,63,1,63.0,47,4.5,0,1,High Value
2825,90,1,90.0,49,4.0,0,2,Premium
2826,62,1,62.0,28,4.3,0,2,High Value
2827,43,1,43.0,23,3.6,0,2,Developing
2828,96,1,96.0,11,3.1,0,1,Premium
2829,83,1,83.0,33,2.6,0,2,Premium
2830,67,1,67.0,47,3.4,0,1,High Value
2831,90,1,90.0,13,2.9,0,1,Premium
2832,53,1,53.0,4,5.0,0,2,Developing
2833,37,1,37.0,40,4.6,0,2,Low Value
2834,56,1,56.0,19,3.3,0,1,Developing
2835,43,1,43.0,17,2.9,0,1,Developing
2836,84,1,84.0,7,4.9,0,3,Premium
2837,50,1,50.0,21,5.0,0,1,Developing
2838,88,1,88.0,44,4.5,0,1,Premium
2839,50,1,50.0,2,3.7,0,2,Developing
2840,80,1,80.0,30,2.8,0,1,High Value
2841,47,1,47.0,41,3.5,0,2,Developing
2842,33,1,33.0,31,3.0,0,1,Low Value
2843,100,1,100.0,48,4.3,0,2,Premium
2844,26,1,26.0,41,3.6,0,1,Low Value
2845,79,1,79.0,42,4.4,0,2,High Value
2846,77,1,77.0,39,4.1,0,1,High Value
2847,36,1,36.0,15,2.8,0,1,Low Value
2848,21,1,21.0,3,2.8,0,2,Low Value
2849,72,1,72.0,28,4.9,0,2,High Value
2850,25,1,25.0,27,4.1,0,1,Low Value
2851,79,1,79.0,36,3.0,0,2,High Value
2852,73,1,73.0,42,3.0,0,1,High Value
2853,71,1,71.0,30,3.0,0,1,High Value
2854,48,1,48.0,9,3.2,0,2,Developing
2855,28,1,28.0,25,2.7,0,1,Low Value
2856,95,1,95.0,33,3.8,0,2,Premium
2857,48,1,48.0,31,3.5,0,1,Developing
2858,93,1,93.0,35,3.8,0,1,Premium
2859,87,1,87.0,46,3.8,0,1,Premium
2860,32,1,32.0,29,3.4,0,2,Low Value
2861,38,1,38.0,49,2.9,0,1,Low Value
2862,54,1,54.0,27,3.4,0,1,Developing
2863,75,1,75.0,5,4.7,0,2,High Value
2864,56,1,56.0,18,3.9,0,1,Developing
2865,43,1,43.0,31,3.6,0,1,Developing
2866,97,1,97.0,27,3.7,0,1,Premium
2867,75,1,75.0,19,3.1,0,2,High Value
2868,55,1,55.0,33,4.9,0,1,Developing
2869,49,1,49.0,42,2.6,0,1,Developing
2870,58,1,58.0,16,4.2,0,1,Developing
2871,34,1,34.0,49,4.8,0,1,Low Value
2872,43,1,43.0,40,2.7,0,1,Developing
2873,48,1,48.0,5,2.6,0,3,Developing
2874,40,1,40.0,8,2.6,0,2,Developing
2875,29,1,29.0,2,3.1,0,3,Low Value
2876,81,1,81.0,14,2.6,0,1,High Value
2877,84,1,84.0,5,3.4,0,2,Premium
2878,46,1,46.0,34,3.6,0,1,Developing
2879,86,1,86.0,13,4.3,0,2,Premium
2880,57,1,57.0,31,4.9,0,2,Developing
2881,61,1,61.0,43,4.8,0,2,High Value
2882,90,1,90.0,6,4.2,0,3,Premium
2883,51,1,51.0,23,2.6,0,1,Developing
2884,48,1,48.0,10,3.2,0,2,Developing
2885,50,1,50.0,47,3.4,0,1,Developing
2886,82,1,82.0,14,3.5,0,1,Premium
2887,33,1,33.0,29,4.2,0,1,Low Value
2888,28,1,28.0,12,2.8,0,1,Low Value
2889,42,1,42.0,25,5.0,0,2,Developing
2890,43,1,43.0,21,3.3,0,2,Developing
2891,55,1,55.0,23,3.7,0,1,Developing
2892,73,1,73.0,10,2.5,0,2,High Value
2893,39,1,39.0,47,3.2,0,1,Low Value
2894,20,1,20.0,44,3.1,0,1,Low Value
2895,32,1,32.0,41,3.5,0,2,Low Value
2896,86,1,86.0,29,4.6,0,1,Premium
2897,91,1,91.0,2,3.3,0,2,Premium
2898,59,1,59.0,2,2.5,0,2,Developing
2899,33,1,33.0,29,4.6,0,2,Low Value
2900,64,1,64.0,22,4.2,0,1,High Value
2901,67,1,67.0,23,4.0,0,1,High Value
2902,43,1,43.0,46,2.6,0,2,Developing
2903,32,1,32.0,19,4.6,0,1,Low Value
2904,39,1,39.0,24,3.5,0,1,Low Value
2905,41,1,41.0,43,4.0,0,1,Developing
2906,53,1,53.0,14,4.8,0,1,Developing
2907,27,1,27.0,7,3.9,0,3,Low Value
2908,82,1,82.0,50,3.7,0,1,Premium
2909,87,1,87.0,15,3.1,0,1,Premium
2910,78,1,78.0,40,3.0,0,1,High Value
2911,32,1,32.0,41,2.9,0,1,Low Value
2912,38,1,38.0,34,2.9,0,2,Low Value
2913,37,1,37.0,27,4.0,0,1,Low Value
2914,83,1,83.0,12,3.5,0,1,Premium
2915,72,1,72.0,1,3.8,0,2,High Value
2916,30,1,30.0,39,4.5,0,1,Low Value
2917,66,1,66.0,13,2.7,0,1,High Value
2918,45,1,45.0,50,2.9,0,2,Developing
2919,73,1,73.0,36,4.9,0,1,High Value
2920,67,1,67.0,31,3.8,0,1,High Value
2921,72,1,72.0,3,4.9,0,2,High Value
2922,24,1,24.0,11,4.6,0,1,Low Value
2923,68,1,68.0,16,3.5,0,2,High Value
2924,70,1,70.0,12,4.2,0,2,High Value
2925,64,1,64.0,37,3.7,0,1,High Value
2926,91,1,91.0,43,2.8,0,1,Premium
2927,82,1,82.0,9,4.8,0,2,Premium
2928,24,1,24.0,15,2.7,0,1,Low Value
2929,80,1,80.0,17,3.6,0,1,High Value
2930,53,1,53.0,42,4.5,0,1,Developing
2931,50,1,50.0,14,4.0,0,1,Developing
2932,31,1,31.0,49,4.5,0,1,Low Value
2933,88,1,88.0,3,3.9,0,3,Premium
2934,52,1,52.0,28,3.8,0,1,Developing
2935,22,1,22.0,41,4.7,0,2,Low Value
2936,27,1,27.0,11,4.6,0,1,Low Value
2937,34,1,34.0,46,3.6,0,1,Low Value
2938,39,1,39.0,15,4.3,0,1,Low Value
2939,53,1,53.0,15,3.0,0,1,Developing
2940,46,1,46.0,34,4.3,0,1,Developing
2941,85,1,85.0,13,4.8,0,1,Premium
2942,86,1,86.0,27,3.7,0,1,Premium
2943,63,1,63.0,37,2.6,0,1,High Value
2944,44,1,44.0,37,3.4,0,1,Developing
2945,95,1,95.0,4,3.9,0,2,Premium
2946,49,1,49.0,1,4.8,0,2,Developing
2947,77,1,77.0,29,2.8,0,2,High Value
2948,63,1,63.0,50,4.4,0,2,High Value
2949,83,1,83.0,38,3.1,0,1,Premium
2950,93,1,93.0,15,3.8,0,2,Premium
2951,91,1,91.0,44,4.1,0,1,Premium
2952,99,1,99.0,14,4.6,0,1,Premium
2953,24,1,24.0,5,4.9,0,2,Low Value
2954,82,1,82.0,11,4.8,0,2,Premium
2955,28,1,28.0,15,3.9,0,2,Low Value
2956,67,1,67.0,46,2.6,0,2,High Value
2957,88,1,88.0,30,3.7,0,1,Premium
2958,70,1,70.0,2,4.7,0,3,High Value
2959,100,1,100.0,28,4.5,0,1,Premium
2960,28,1,28.0,9,4.7,0,3,Low Value
2961,48,1,48.0,47,3.6,0,1,Developing
2962,43,1,43.0,21,2.8,0,1,Developing
2963,40,1,40.0,42,4.0,0,1,Developing
2964,97,1,97.0,28,3.6,0,1,Premium
2965,25,1,25.0,13,3.8,0,1,Low Value
2966,45,1,45.0,25,4.4,0,1,Developing
2967,49,1,49.0,38,2.8,0,1,Developing
2968,36,1,36.0,40,3.4,0,2,Low Value
2969,48,1,48.0,25,4.9,0,1,Developing
2970,62,1,62.0,20,4.3,0,1,High Value
2971,74,1,74.0,44,3.4,0,1,High Value
2972,100,1,100.0,9,3.9,0,2,Premium
2973,39,1,39.0,11,4.2,0,1,Low Value
2974,65,1,65.0,3,2.7,0,2,High Value
2975,99,1,99.0,34,4.1,0,1,Premium
2976,68,1,68.0,48,4.5,0,1,High Value
2977,97,1,97.0,28,2.8,0,1,Premium
2978,47,1,47.0,20,3.4,0,2,Developing
2979,56,1,56.0,49,3.9,0,1,Developing
2980,91,1,91.0,14,2.6,0,1,Premium
2981,93,1,93.0,9,4.4,0,2,Premium
2982,36,1,36.0,37,4.9,0,2,Low Value
2983,45,1,45.0,4,3.6,0,2,Developing
2984,44,1,44.0,1,2.8,0,3,Developing
2985,32,1,32.0,36,4.3,0,1,Low Value
2986,36,1,36.0,21,3.0,0,1,Low Value
2987,85,1,85.0,16,3.3,0,1,Premium
2988,36,1,36.0,42,2.5,0,1,Low Value
2989,55,1,55.0,31,5.0,0,1,Developing
2990,20,1,20.0,6,4.3,0,2,Low Value
2991,91,1,91.0,24,4.2,0,1,Premium
2992,71,1,71.0,7,3.9,0,2,High Value
2993,64,1,64.0,25,3.9,0,1,High Value
2994,21,1,21.0,18,4.2,0,1,Low Value
2995,100,1,100.0,14,3.5,0,2,Premium
2996,96,1,96.0,42,2.5,0,1,Premium
2997,91,1,91.0,6,2.9,0,2,Premium
2998,40,1,40.0,14,2.7,0,1,Developing
2999,53,1,53.0,30,4.7,0,2,Developing
3000,48,1,48.0,10,3.8,0,2,Developing
3001,70,1,70.0,7,3.7,0,2,High Value
3002,29,1,29.0,28,4.7,0,2,Low Value
3003,29,1,29.0,19,3.6,0,2,Low Value
3004,53,1,53.0,13,2.8,0,1,Developing
3005,79,1,79.0,23,3.7,0,1,High Value
3006,65,1,65.0,5,3.5,0,2,High Value
3007,99,1,99.0,17,3.7,0,1,Premium
3008,60,1,60.0,31,3.0,0,1,Developing
3009,86,1,86.0,19,4.9,0,1,Premium
3010,73,1,73.0,8,4.6,0,2,High Value
3011,45,1,45.0,15,3.3,0,2,Developing
3012,70,1,70.0,18,3.0,0,1,High Value
3013,65,1,65.0,16,3.5,0,2,High Value
3014,55,1,55.0,13,4.2,0,1,Developing
3015,65,1,65.0,38,4.5,0,1,High Value
3016,21,1,21.0,27,2.8,0,1,Low Value
3017,26,1,26.0,31,4.9,0,2,Low Value
3018,71,1,71.0,24,3.3,0,1,High Value
3019,41,1,41.0,21,3.0,0,1,Developing
3020,44,1,44.0,15,3.9,0,2,Developing
3021,81,1,81.0,48,2.8,0,1,High Value
3022,77,1,77.0,47,4.5,0,2,High Value
3023,26,1,26.0,23,4.0,0,1,Low Value
3024,31,1,31.0,4,2.9,0,3,Low Value
3025,82,1,82.0,47,4.0,0,1,Premium
3026,60,1,60.0,7,3.4,0,2,Developing
3027,70,1,70.0,6,2.5,0,3,High Value
3028,26,1,26.0,47,2.8,0,2,Low Value
3029,100,1,100.0,7,3.0,0,2,Premium
3030,82,1,82.0,1,3.1,0,3,Premium
3031,24,1,24.0,23,2.6,0,1,Low Value
3032,74,1,74.0,30,4.9,0,1,High Value
3033,58,1,58.0,24,3.5,0,2,Developing
3034,56,1,56.0,9,2.6,0,2,Developing
3035,37,1,37.0,25,3.5,0,2,Low Value
3036,64,1,64.0,18,4.5,0,1,High Value
3037,58,1,58.0,7,4.3,0,2,Developing
3038,44,1,44.0,2,4.8,0,3,Developing
3039,39,1,39.0,36,4.2,0,2,Low Value
3040,48,1,48.0,31,3.2,0,1,Developing
3041,32,1,32.0,10,4.1,0,2,Low Value
3042,79,1,79.0,27,4.0,0,1,High Value
3043,27,1,27.0,14,2.9,0,1,Low Value
3044,98,1,98.0,17,2.6,0,1,Premium
3045,67,1,67.0,10,2.7,0,3,High Value
3046,37,1,37.0,4,4.6,0,2,Low Value
3047,49,1,49.0,25,3.2,0,1,Developing
3048,74,1,74.0,3,4.1,0,2,High Value
3049,93,1,93.0,47,3.9,0,1,Premium
3050,60,1,60.0,41,3.0,0,1,Developing
3051,76,1,76.0,28,3.6,0,1,High Value
3052,64,1,64.0,49,4.6,0,1,High Value
3053,38,1,38.0,7,4.5,0,2,Low Value
3054,91,1,91.0,22,3.2,0,1,Premium
3055,70,1,70.0,34,4.9,0,1,High Value
3056,22,1,22.0,5,5.0,0,2,Low Value
3057,59,1,59.0,15,3.8,0,1,Developing
3058,22,1,22.0,26,3.4,0,1,Low Value
3059,74,1,74.0,3,3.8,0,2,High Value
3060,71,1,71.0,42,3.2,0,2,High Value
3061,80,1,80.0,1,4.7,0,2,High Value
3062,59,1,59.0,20,4.5,0,1,Developing
3063,96,1,96.0,39,3.3,0,1,Premium
3064,43,1,43.0,24,3.9,0,1,Developing
3065,76,1,76.0,49,3.6,0,2,High Value
3066,59,1,59.0,7,2.8,0,2,Developing
3067,48,1,48.0,13,4.3,0,1,Developing
3068,22,1,22.0,2,3.5,0,2,Low Value
3069,40,1,40.0,4,4.2,0,2,Developing
3070,73,1,73.0,17,4.6,0,2,High Value
3071,26,1,26.0,43,2.6,0,1,Low Value
3072,41,1,41.0,6,3.4,0,2,Developing
3073,98,1,98.0,46,3.1,0,2,Premium
3074,63,1,63.0,7,3.6,0,2,High Value
3075,55,1,55.0,34,4.2,0,1,Developing
3076,90,1,90.0,21,3.6,0,1,Premium
3077,46,1,46.0,13,3.6,0,1,Developing
3078,88,1,88.0,33,3.0,0,1,Premium
3079,95,1,95.0,24,2.5,0,1,Premium
3080,31,1,31.0,4,4.0,0,3,Low Value
3081,42,1,42.0,5,4.1,0,2,Developing
3082,44,1,44.0,11,4.9,0,1,Developing
3083,99,1,99.0,20,4.0,0,2,Premium
3084,20,1,20.0,28,3.5,0,2,Low Value
3085,37,1,37.0,43,3.2,0,1,Low Value
3086,50,1,50.0,10,2.8,0,2,Developing
3087,73,1,73.0,26,3.5,0,1,High Value
3088,84,1,84.0,29,3.1,0,1,Premium
3089,64,1,64.0,35,3.3,0,2,High Value
3090,21,1,21.0,23,4.6,0,1,Low Value
3091,36,1,36.0,15,4.9,0,2,Low Value
3092,81,1,81.0,46,3.4,0,2,High Value
3093,54,1,54.0,14,3.5,0,1,Developing
3094,63,1,63.0,17,4.8,0,1,High Value
3095,59,1,59.0,9,2.7,0,2,Developing
3096,53,1,53.0,13,3.4,0,1,Developing
3097,63,1,63.0,20,3.5,0,1,High Value
3098,33,1,33.0,39,3.7,0,2,Low Value
3099,64,1,64.0,50,3.3,0,2,High Value
3100,98,1,98.0,21,2.9,0,1,Premium
3101,85,1,85.0,3,3.9,0,2,Premium
3102,82,1,82.0,9,2.7,0,2,Premium
3103,85,1,85.0,29,4.3,0,1,Premium
3104,37,1,37.0,42,3.0,0,1,Low Value
3105,56,1,56.0,41,5.0,0,1,Developing
3106,33,1,33.0,17,2.7,0,1,Low Value
3107,57,1,57.0,20,4.7,0,2,Developing
3108,31,1,31.0,18,4.6,0,1,Low Value
3109,69,1,69.0,7,3.2,0,2,High Value
3110,92,1,92.0,47,4.3,0,1,Premium
3111,46,1,46.0,2,4.6,0,2,Developing
3112,81,1,81.0,25,4.9,0,2,High Value
3113,97,1,97.0,26,3.8,0,2,Premium
3114,93,1,93.0,2,2.6,0,2,Premium
3115,56,1,56.0,45,4.7,0,1,Developing
3116,53,1,53.0,9,4.1,0,2,Developing
3117,66,1,66.0,1,3.7,0,2,High Value
3118,50,1,50.0,4,3.0,0,2,Developing
3119,97,1,97.0,31,4.7,0,2,Premium
3120,79,1,79.0,21,4.7,0,1,High Value
3121,76,1,76.0,32,4.0,0,1,High Value
3122,38,1,38.0,16,2.6,0,1,Low Value
3123,45,1,45.0,34,3.0,0,1,Developing
3124,77,1,77.0,40,3.3,0,1,High Value
3125,51,1,51.0,4,3.4,0,2,Developing
3126,26,1,26.0,3,4.0,0,3,Low Value
3127,76,1,76.0,28,2.6,0,1,High Value
3128,94,1,94.0,43,3.4,0,1,Premium
3129,32,1,32.0,20,4.4,0,2,Low Value
3130,20,1,20.0,40,4.7,0,1,Low Value
3131,20,1,20.0,34,4.5,0,1,Low Value
3132,59,1,59.0,11,2.9,0,1,Developing
3133,97,1,97.0,26,4.2,0,2,Premium
3134,68,1,68.0,29,4.1,0,1,High Value
3135,66,1,66.0,47,4.4,0,1,High Value
3136,85,1,85.0,48,4.7,0,1,Premium
3137,32,1,32.0,29,3.1,0,1,Low Value
3138,44,1,44.0,14,2.7,0,1,Developing
3139,95,1,95.0,40,4.6,0,1,Premium
3140,85,1,85.0,4,4.4,0,2,Premium
3141,44,1,44.0,37,4.6,0,1,Developing
3142,30,1,30.0,47,4.9,0,1,Low Value
3143,21,1,21.0,1,4.0,0,3,Low Value
3144,22,1,22.0,26,2.9,0,2,Low Value
3145,70,1,70.0,12,2.6,0,2,High Value
3146,29,1,29.0,16,4.6,0,1,Low Value
3147,83,1,83.0,19,4.9,0,2,Premium
3148,99,1,99.0,21,4.3,0,1,Premium
3149,35,1,35.0,15,4.3,0,1,Low Value
3150,40,1,40.0,9,4.6,0,3,Developing
3151,25,1,25.0,7,2.6,0,2,Low Value
3152,64,1,64.0,47,3.1,0,2,High Value
3153,90,1,90.0,17,3.1,0,1,Premium
3154,88,1,88.0,46,3.1,0,1,Premium
3155,55,1,55.0,32,4.4,0,2,Developing
3156,90,1,90.0,34,4.3,0,2,Premium
3157,50,1,50.0,18,3.1,0,1,Developing
3158,34,1,34.0,5,3.1,0,2,Low Value
3159,77,1,77.0,44,4.9,0,1,High Value
3160,89,1,89.0,4,2.9,0,3,Premium
3161,87,1,87.0,37,3.8,0,1,Premium
3162,77,1,77.0,43,4.2,0,1,High Value
3163,85,1,85.0,28,3.9,0,2,Premium
3164,66,1,66.0,36,2.8,0,1,High Value
3165,32,1,32.0,16,2.6,0,2,Low Value
3166,92,1,92.0,38,3.0,0,1,Premium
3167,80,1,80.0,37,2.7,0,1,High Value
3168,78,1,78.0,9,2.8,0,2,High Value
3169,24,1,24.0,14,2.9,0,1,Low Value
3170,59,1,59.0,3,3.8,0,2,Developing
3171,41,1,41.0,10,4.4,0,2,Developing
3172,26,1,26.0,26,3.1,0,1,Low Value
3173,52,1,52.0,30,3.7,0,1,Developing
3174,46,1,46.0,32,4.9,0,1,Developing
3175,52,1,52.0,35,3.8,0,1,Developing
3176,42,1,42.0,26,3.4,0,1,Developing
3177,37,1,37.0,39,4.6,0,1,Low Value
3178,52,1,52.0,31,3.2,0,1,Developing
3179,34,1,34.0,28,2.7,0,2,Low Value
3180,88,1,88.0,12,4.3,0,1,Premium
3181,88,1,88.0,46,3.8,0,1,Premium
3182,51,1,51.0,27,4.4,0,1,Developing
3183,97,1,97.0,4,3.6,0,3,Premium
3184,56,1,56.0,14,3.5,0,1,Developing
3185,53,1,53.0,30,4.2,0,2,Developing
3186,71,1,71.0,6,4.7,0,3,High Value
3187,93,1,93.0,43,4.8,0,2,Premium
3188,72,1,72.0,28,3.2,0,1,High Value
3189,59,1,59.0,39,3.5,0,1,Developing
3190,87,1,87.0,30,4.2,0,1,Premium
3191,78,1,78.0,5,3.4,0,2,High Value
3192,68,1,68.0,42,4.7,0,1,High Value
3193,76,1,76.0,20,3.0,0,1,High Value
3194,99,1,99.0,35,4.0,0,1,Premium
3195,52,1,52.0,10,4.6,0,2,Developing
3196,58,1,58.0,36,4.9,0,2,Developing
3197,59,1,59.0,21,2.8,0,1,Developing
3198,71,1,71.0,29,3.2,0,1,High Value
3199,94,1,94.0,39,2.8,0,1,Premium
3200,40,1,40.0,16,4.2,0,1,Developing
3201,24,1,24.0,32,4.8,0,1,Low Value
3202,38,1,38.0,34,2.8,0,1,Low Value
3203,37,1,37.0,38,4.5,0,2,Low Value
3204,29,1,29.0,14,4.1,0,2,Low Value
3205,92,1,92.0,23,4.3,0,1,Premium
3206,24,1,24.0,50,4.4,0,1,Low Value
3207,52,1,52.0,49,3.0,0,1,Developing
3208,29,1,29.0,14,2.7,0,2,Low Value
3209,30,1,30.0,42,3.3,0,1,Low Value
3210,31,1,31.0,39,4.3,0,2,Low Value
3211,67,1,67.0,43,2.9,0,1,High Value
3212,65,1,65.0,12,4.9,0,1,High Value
3213,22,1,22.0,21,3.6,0,1,Low Value
3214,56,1,56.0,33,3.3,0,1,Developing
3215,78,1,78.0,6,3.1,0,3,High Value
3216,90,1,90.0,10,2.7,0,2,Premium
3217,85,1,85.0,18,3.4,0,1,Premium
3218,58,1,58.0,46,3.4,0,1,Developing
3219,34,1,34.0,49,3.9,0,1,Low Value
3220,40,1,40.0,39,3.5,0,1,Developing
3221,29,1,29.0,16,4.1,0,1,Low Value
3222,76,1,76.0,28,3.2,0,2,High Value
3223,84,1,84.0,22,4.6,0,2,Premium
3224,65,1,65.0,36,3.9,0,1,High Value
3225,80,1,80.0,18,2.7,0,1,High Value
3226,98,1,98.0,31,3.0,0,1,Premium
3227,71,1,71.0,38,3.3,0,1,High Value
3228,69,1,69.0,42,2.7,0,2,High Value
3229,95,1,95.0,27,4.6,0,2,Premium
3230,67,1,67.0,24,2.7,0,1,High Value
3231,49,1,49.0,38,2.5,0,2,Developing
3232,97,1,97.0,9,4.4,0,3,Premium
3233,34,1,34.0,19,4.0,0,1,Low Value
3234,74,1,74.0,11,3.8,0,1,High Value
3235,96,1,96.0,16,2.5,0,2,Premium
3236,68,1,68.0,18,4.0,0,1,High Value
3237,84,1,84.0,8,4.1,0,2,Premium
3238,57,1,57.0,4,2.8,0,2,Developing
3239,84,1,84.0,37,3.4,0,2,Premium
3240,32,1,32.0,30,2.7,0,1,Low Value
3241,37,1,37.0,37,3.8,0,1,Low Value
3242,58,1,58.0,30,4.4,0,2,Developing
3243,74,1,74.0,17,2.8,0,1,High Value
3244,99,1,99.0,11,5.0,0,1,Premium
3245,81,1,81.0,42,4.7,0,2,High Value
3246,76,1,76.0,20,3.2,0,1,High Value
3247,98,1,98.0,37,2.9,0,1,Premium
3248,91,1,91.0,12,3.7,0,1,Premium
3249,79,1,79.0,41,4.2,0,2,High Value
3250,83,1,83.0,32,3.4,0,2,Premium
3251,90,1,90.0,15,2.9,0,1,Premium
3252,20,1,20.0,39,3.7,0,2,Low Value
3253,21,1,21.0,48,2.7,0,1,Low Value
3254,60,1,60.0,8,3.2,0,2,Developing
3255,31,1,31.0,11,4.9,0,1,Low Value
3256,40,1,40.0,36,2.8,0,1,Developing
3257,26,1,26.0,50,4.7,0,1,Low Value
3258,98,1,98.0,39,3.3,0,1,Premium
3259,51,1,51.0,11,4.3,0,1,Developing
3260,95,1,95.0,5,3.7,0,2,Premium
3261,36,1,36.0,7,4.5,0,3,Low Value
3262,52,1,52.0,50,3.4,0,1,Developing
3263,35,1,35.0,21,2.7,0,1,Low Value
3264,68,1,68.0,31,4.4,0,1,High Value
3265,50,1,50.0,39,4.0,0,1,Developing
3266,100,1,100.0,28,3.2,0,1,Premium
3267,74,1,74.0,33,4.2,0,1,High Value
3268,45,1,45.0,42,3.0,0,2,Developing
3269,97,1,97.0,5,2.8,0,2,Premium
3270,60,1,60.0,25,4.9,0,1,Developing
3271,25,1,25.0,48,4.7,0,2,Low Value
3272,55,1,55.0,30,4.4,0,1,Developing
3273,99,1,99.0,34,3.1,0,2,Premium
3274,45,1,45.0,34,2.6,0,1,Developing
3275,20,1,20.0,14,3.9,0,1,Low Value
3276,88,1,88.0,2,2.6,0,2,Premium
3277,99,1,99.0,41,4.0,0,1,Premium
3278,86,1,86.0,3,4.9,0,2,Premium
3279,70,1,70.0,18,3.3,0,1,High Value
3280,50,1,50.0,1,3.0,0,2,Developing
3281,57,1,57.0,5,2.7,0,2,Developing
3282,69,1,69.0,41,3.1,0,2,High Value
3283,94,1,94.0,5,4.8,0,2,Premium
3284,24,1,24.0,10,2.9,0,2,Low Value
3285,79,1,79.0,20,4.5,0,2,High Value
3286,31,1,31.0,11,4.6,0,1,Low Value
3287,67,1,67.0,4,5.0,0,2,High Value
3288,63,1,63.0,38,4.3,0,1,High Value
3289,61,1,61.0,19,4.9,0,1,High Value
3290,50,1,50.0,16,4.0,0,1,Developing
3291,82,1,82.0,2,3.1,0,2,Premium
3292,51,1,51.0,11,2.6,0,1,Developing
3293,23,1,23.0,18,4.9,0,1,Low Value
3294,91,1,91.0,47,3.5,0,1,Premium
3295,60,1,60.0,15,4.5,0,1,Developing
3296,34,1,34.0,15,2.8,0,1,Low Value
3297,23,1,23.0,47,4.2,0,2,Low Value
3298,82,1,82.0,47,4.1,0,1,Premium
3299,73,1,73.0,6,3.5,0,2,High Value
3300,32,1,32.0,18,4.0,0,1,Low Value
3301,80,1,80.0,40,4.0,0,1,High Value
3302,58,1,58.0,31,2.5,0,1,Developing
3303,82,1,82.0,31,4.2,0,1,Premium
3304,60,1,60.0,4,3.4,0,2,Developing
3305,79,1,79.0,36,4.8,0,1,High Value
3306,41,1,41.0,31,4.9,0,1,Developing
3307,39,1,39.0,6,3.6,0,2,Low Value
3308,36,1,36.0,1,4.0,0,2,Low Value
3309,70,1,70.0,29,2.6,0,1,High Value
3310,47,1,47.0,19,3.1,0,1,Developing
3311,27,1,27.0,12,3.6,0,1,Low Value
3312,52,1,52.0,18,4.0,0,2,Developing
3313,75,1,75.0,45,3.9,0,2,High Value
3314,30,1,30.0,45,3.9,0,1,Low Value
3315,94,1,94.0,8,3.3,0,3,Premium
3316,68,1,68.0,4,2.9,0,2,High Value
3317,45,1,45.0,5,3.1,0,2,Developing
3318,67,1,67.0,30,4.7,0,2,High Value
3319,46,1,46.0,15,3.9,0,1,Developing
3320,31,1,31.0,17,4.3,0,1,Low Value
3321,44,1,44.0,45,4.2,0,1,Developing
3322,100,1,100.0,3,4.3,0,3,Premium
3323,92,1,92.0,43,4.6,0,1,Premium
3324,78,1,78.0,4,3.8,0,2,High Value
3325,32,1,32.0,41,3.3,0,1,Low Value
3326,97,1,97.0,16,3.7,0,1,Premium
3327,95,1,95.0,10,4.3,0,3,Premium
3328,64,1,64.0,2,4.1,0,3,High Value
3329,35,1,35.0,11,3.2,0,1,Low Value
3330,54,1,54.0,1,3.8,0,2,Developing
3331,96,1,96.0,41,3.2,0,2,Premium
3332,58,1,58.0,39,3.5,0,2,Developing
3333,23,1,23.0,1,3.1,0,2,Low Value
3334,35,1,35.0,3,4.2,0,2,Low Value
3335,23,1,23.0,21,3.4,0,2,Low Value
3336,94,1,94.0,48,3.5,0,2,Premium
3337,45,1,45.0,24,4.0,0,2,Developing
3338,23,1,23.0,45,4.4,0,1,Low Value
3339,94,1,94.0,46,2.9,0,1,Premium
3340,99,1,99.0,35,3.6,0,1,Premium
3341,36,1,36.0,47,4.4,0,1,Low Value
3342,50,1,50.0,35,4.5,0,1,Developing
3343,81,1,81.0,45,3.8,0,1,High Value
3344,31,1,31.0,6,3.6,0,2,Low Value
3345,48,1,48.0,20,4.3,0,2,Developing
3346,91,1,91.0,3,4.0,0,2,Premium
3347,99,1,99.0,30,3.4,0,2,Premium
3348,70,1,70.0,28,4.4,0,1,High Value
3349,74,1,74.0,15,2.8,0,1,High Value
3350,79,1,79.0,29,2.8,0,2,High Value
3351,33,1,33.0,15,4.9,0,1,Low Value
3352,49,1,49.0,18,4.2,0,1,Developing
3353,96,1,96.0,7,2.9,0,2,Premium
3354,66,1,66.0,19,4.6,0,1,High Value
3355,45,1,45.0,15,2.8,0,1,Developing
3356,28,1,28.0,3,2.6,0,2,Low Value
3357,48,1,48.0,13,3.5,0,1,Developing
3358,67,1,67.0,37,3.5,0,1,High Value
3359,59,1,59.0,26,3.4,0,2,Developing
3360,74,1,74.0,29,3.9,0,1,High Value
3361,81,1,81.0,47,3.3,0,1,High Value
3362,26,1,26.0,47,4.1,0,1,Low Value
3363,61,1,61.0,48,3.0,0,1,High Value
3364,23,1,23.0,46,3.0,0,1,Low Value
3365,33,1,33.0,7,3.2,0,2,Low Value
3366,58,1,58.0,45,3.9,0,1,Developing
3367,65,1,65.0,47,3.6,0,2,High Value
3368,48,1,48.0,6,3.1,0,2,Developing
3369,25,1,25.0,29,4.8,0,1,Low Value
3370,51,1,51.0,42,3.8,0,1,Developing
3371,31,1,31.0,46,2.8,0,1,Low Value
3372,99,1,99.0,28,4.0,0,2,Premium
3373,25,1,25.0,14,4.6,0,1,Low Value
3374,52,1,52.0,12,3.5,0,1,Developing
3375,47,1,47.0,41,3.7,0,2,Developing
3376,98,1,98.0,8,4.9,0,3,Premium
3377,46,1,46.0,24,4.1,0,2,Developing
3378,32,1,32.0,18,4.6,0,1,Low Value
3379,75,1,75.0,6,4.5,0,3,High Value
3380,51,1,51.0,40,5.0,0,1,Developing
3381,52,1,52.0,6,3.8,0,2,Developing
3382,66,1,66.0,27,4.7,0,2,High Value
3383,35,1,35.0,2,2.8,0,2,Low Value
3384,43,1,43.0,39,2.6,0,1,Developing
3385,24,1,24.0,9,3.8,0,3,Low Value
3386,83,1,83.0,16,2.8,0,1,Premium
3387,62,1,62.0,36,2.6,0,2,High Value
3388,78,1,78.0,2,3.4,0,2,High Value
3389,61,1,61.0,21,4.5,0,1,High Value
3390,57,1,57.0,39,3.8,0,2,Developing
3391,70,1,70.0,38,3.0,0,2,High Value
3392,57,1,57.0,6,3.7,0,2,Developing
3393,74,1,74.0,6,4.4,0,2,High Value
3394,90,1,90.0,50,3.1,0,1,Premium
3395,98,1,98.0,9,4.2,0,3,Premium
3396,43,1,43.0,15,3.1,0,1,Developing
3397,37,1,37.0,5,5.0,0,3,Low Value
3398,38,1,38.0,13,2.7,0,1,Low Value
3399,60,1,60.0,44,3.8,0,1,Developing
3400,55,1,55.0,36,3.3,0,2,Developing
3401,51,1,51.0,18,4.8,0,1,Developing
3402,71,1,71.0,39,3.4,0,1,High Value
3403,61,1,61.0,11,4.4,0,1,High Value
3404,65,1,65.0,1,3.9,0,2,High Value
3405,34,1,34.0,34,3.9,0,2,Low Value
3406,87,1,87.0,47,4.2,0,1,Premium
3407,79,1,79.0,24,4.0,0,2,High Value
3408,46,1,46.0,20,2.6,0,2,Developing
3409,72,1,72.0,11,4.4,0,2,High Value
3410,93,1,93.0,3,3.2,0,2,Premium
3411,76,1,76.0,38,4.3,0,1,High Value
3412,56,1,56.0,45,4.9,0,1,Developing
3413,83,1,83.0,31,3.8,0,2,Premium
3414,90,1,90.0,16,2.5,0,1,Premium
3415,94,1,94.0,3,4.9,0,3,Premium
3416,68,1,68.0,15,3.0,0,2,High Value
3417,53,1,53.0,11,3.2,0,1,Developing
3418,35,1,35.0,22,2.9,0,1,Low Value
3419,30,1,30.0,35,2.8,0,2,Low Value
3420,26,1,26.0,5,3.1,0,2,Low Value
3421,60,1,60.0,35,3.4,0,1,Developing
3422,30,1,30.0,27,2.9,0,1,Low Value
3423,91,1,91.0,9,3.2,0,2,Premium
3424,71,1,71.0,21,3.8,0,1,High Value
3425,64,1,64.0,23,3.6,0,1,High Value
3426,54,1,54.0,3,4.3,0,2,Developing
3427,35,1,35.0,31,4.8,0,2,Low Value
3428,38,1,38.0,44,2.5,0,2,Low Value
3429,69,1,69.0,20,2.5,0,1,High Value
3430,96,1,96.0,34,4.6,0,1,Premium
3431,73,1,73.0,17,4.2,0,1,High Value
3432,49,1,49.0,20,4.2,0,2,Developing
3433,44,1,44.0,46,4.8,0,1,Developing
3434,93,1,93.0,28,4.5,0,2,Premium
3435,72,1,72.0,6,3.3,0,2,High Value
3436,91,1,91.0,50,2.7,0,1,Premium
3437,83,1,83.0,41,2.8,0,1,Premium
3438,62,1,62.0,50,3.5,0,2,High Value
3439,71,1,71.0,33,3.0,0,1,High Value
3440,93,1,93.0,25,4.5,0,2,Premium
3441,63,1,63.0,2,4.3,0,2,High Value
3442,96,1,96.0,15,4.1,0,2,Premium
3443,78,1,78.0,12,4.3,0,1,High Value
3444,24,1,24.0,28,5.0,0,1,Low Value
3445,63,1,63.0,12,3.8,0,1,High Value
3446,58,1,58.0,3,4.9,0,3,Developing
3447,55,1,55.0,20,5.0,0,1,Developing
3448,58,1,58.0,3,4.3,0,2,Developing
3449,28,1,28.0,32,4.1,0,1,Low Value
3450,37,1,37.0,35,4.5,0,1,Low Value
3451,78,1,78.0,31,3.6,0,1,High Value
3452,73,1,73.0,13,3.0,0,2,High Value
3453,20,1,20.0,3,3.7,0,2,Low Value
3454,60,1,60.0,48,4.3,0,1,Developing
3455,71,1,71.0,15,4.6,0,1,High Value
3456,89,1,89.0,13,4.7,0,2,Premium
3457,53,1,53.0,21,4.6,0,1,Developing
3458,87,1,87.0,29,3.0,0,1,Premium
3459,37,1,37.0,24,3.4,0,2,Low Value
3460,37,1,37.0,21,3.8,0,2,Low Value
3461,78,1,78.0,5,3.1,0,2,High Value
3462,23,1,23.0,47,4.4,0,2,Low Value
3463,73,1,73.0,34,4.5,0,1,High Value
3464,27,1,27.0,45,2.8,0,1,Low Value
3465,59,1,59.0,12,2.7,0,2,Developing
3466,53,1,53.0,31,3.4,0,1,Developing
3467,42,1,42.0,43,4.6,0,2,Developing
3468,45,1,45.0,5,5.0,0,3,Developing
3469,89,1,89.0,36,3.5,0,2,Premium
3470,85,1,85.0,12,3.3,0,2,Premium
3471,69,1,69.0,31,4.5,0,1,High Value
3472,66,1,66.0,31,3.1,0,1,High Value
3473,42,1,42.0,15,4.0,0,1,Developing
3474,40,1,40.0,11,2.5,0,1,Developing
3475,82,1,82.0,18,4.4,0,1,Premium
3476,88,1,88.0,9,4.4,0,3,Premium
3477,99,1,99.0,11,3.2,0,1,Premium
3478,85,1,85.0,38,3.8,0,1,Premium
3479,57,1,57.0,42,4.6,0,2,Developing
3480,56,1,56.0,41,4.9,0,1,Developing
3481,79,1,79.0,45,3.5,0,1,High Value
3482,67,1,67.0,41,3.4,0,1,High Value
3483,61,1,61.0,35,3.9,0,1,High Value
3484,37,1,37.0,21,3.9,0,1,Low Value
3485,75,1,75.0,13,4.2,0,1,High Value
3486,21,1,21.0,23,3.4,0,1,Low Value
3487,89,1,89.0,6,4.9,0,2,Premium
3488,24,1,24.0,39,2.9,0,2,Low Value
3489,27,1,27.0,7,4.9,0,3,Low Value
3490,26,1,26.0,32,4.6,0,1,Low Value
3491,82,1,82.0,43,3.6,0,2,Premium
3492,28,1,28.0,15,4.3,0,1,Low Value
3493,65,1,65.0,48,4.6,0,2,High Value
3494,82,1,82.0,35,4.7,0,1,Premium
3495,38,1,38.0,41,3.5,0,2,Low Value
3496,33,1,33.0,14,2.8,0,1,Low Value
3497,38,1,38.0,22,4.0,0,1,Low Value
3498,48,1,48.0,16,4.3,0,1,Developing
3499,35,1,35.0,2,3.8,0,2,Low Value
3500,29,1,29.0,13,3.0,0,1,Low Value
3501,48,1,48.0,38,4.6,0,1,Developing
3502,87,1,87.0,43,4.8,0,1,Premium
3503,62,1,62.0,26,4.7,0,2,High Value
3504,96,1,96.0,39,3.9,0,1,Premium
3505,41,1,41.0,50,4.0,0,1,Developing
3506,42,1,42.0,40,3.7,0,1,Developing
3507,57,1,57.0,12,3.7,0,1,Developing
3508,65,1,65.0,33,4.2,0,1,High Value
3509,54,1,54.0,49,4.7,0,1,Developing
3510,22,1,22.0,43,4.3,0,1,Low Value
3511,96,1,96.0,14,4.9,0,1,Premium
3512,81,1,81.0,21,3.9,0,1,High Value
3513,46,1,46.0,31,3.4,0,2,Developing
3514,74,1,74.0,29,4.2,0,1,High Value
3515,50,1,50.0,32,4.7,0,1,Developing
3516,80,1,80.0,16,4.0,0,1,High Value
3517,56,1,56.0,38,4.0,0,1,Developing
3518,69,1,69.0,34,3.1,0,1,High Value
3519,97,1,97.0,30,4.2,0,2,Premium
3520,66,1,66.0,14,3.7,0,1,High Value
3521,70,1,70.0,33,3.1,0,1,High Value
3522,50,1,50.0,35,3.7,0,1,Developing
3523,85,1,85.0,13,3.2,0,2,Premium
3524,59,1,59.0,30,2.8,0,1,Developing
3525,74,1,74.0,30,2.9,0,1,High Value
3526,38,1,38.0,47,3.5,0,2,Low Value
3527,99,1,99.0,1,3.8,0,2,Premium
3528,97,1,97.0,1,4.7,0,2,Premium
3529,67,1,67.0,33,4.5,0,2,High Value
3530,20,1,20.0,43,3.9,0,1,Low Value
3531,45,1,45.0,37,3.4,0,1,Developing
3532,52,1,52.0,23,4.6,0,2,Developing
3533,68,1,68.0,12,4.6,0,2,High Value
3534,98,1,98.0,30,4.7,0,1,Premium
3535,83,1,83.0,7,3.2,0,2,Premium
3536,51,1,51.0,20,5.0,0,1,Developing
3537,21,1,21.0,10,4.5,0,2,Low Value
3538,92,1,92.0,40,3.5,0,1,Premium
3539,63,1,63.0,21,4.5,0,1,High Value
3540,56,1,56.0,17,3.2,0,1,Developing
3541,95,1,95.0,5,4.6,0,2,Premium
3542,66,1,66.0,22,4.0,0,2,High Value
3543,28,1,28.0,5,4.2,0,2,Low Value
3544,83,1,83.0,18,4.1,0,1,Premium
3545,55,1,55.0,42,3.6,0,1,Developing
3546,28,1,28.0,22,3.7,0,2,Low Value
3547,79,1,79.0,37,3.6,0,1,High Value
3548,31,1,31.0,23,3.8,0,2,Low Value
3549,37,1,37.0,47,3.0,0,1,Low Value
3550,34,1,34.0,11,3.4,0,1,Low Value
3551,74,1,74.0,32,4.8,0,1,High Value
3552,31,1,31.0,20,2.6,0,1,Low Value
3553,66,1,66.0,3,2.9,0,3,High Value
3554,99,1,99.0,32,4.9,0,1,Premium
3555,55,1,55.0,5,5.0,0,2,Developing
3556,23,1,23.0,45,4.6,0,2,Low Value
3557,88,1,88.0,43,4.2,0,1,Premium
3558,26,1,26.0,1,4.9,0,2,Low Value
3559,94,1,94.0,9,4.8,0,3,Premium
3560,25,1,25.0,13,3.0,0,1,Low Value
3561,96,1,96.0,5,3.5,0,3,Premium
3562,29,1,29.0,39,3.4,0,1,Low Value
3563,36,1,36.0,7,3.4,0,2,Low Value
3564,90,1,90.0,8,4.9,0,2,Premium
3565,38,1,38.0,40,4.4,0,2,Low Value
3566,52,1,52.0,35,4.2,0,1,Developing
3567,88,1,88.0,14,3.1,0,1,Premium
3568,56,1,56.0,26,4.0,0,1,Developing
3569,71,1,71.0,14,4.8,0,2,High Value
3570,94,1,94.0,9,3.3,0,2,Premium
3571,97,1,97.0,32,4.7,0,2,Premium
3572,27,1,27.0,15,3.2,0,1,Low Value
3573,28,1,28.0,25,5.0,0,1,Low Value
3574,67,1,67.0,27,4.9,0,1,High Value
3575,70,1,70.0,39,4.9,0,2,High Value
3576,95,1,95.0,49,3.7,0,1,Premium
3577,24,1,24.0,12,3.0,0,1,Low Value
3578,35,1,35.0,13,2.6,0,1,Low Value
3579,22,1,22.0,22,2.6,0,2,Low Value
3580,66,1,66.0,19,4.8,0,1,High Value
3581,83,1,83.0,3,3.2,0,2,Premium
3582,95,1,95.0,50,4.9,0,1,Premium
3583,41,1,41.0,15,3.4,0,2,Developing
3584,77,1,77.0,44,2.7,0,1,High Value
3585,52,1,52.0,48,4.8,0,1,Developing
3586,41,1,41.0,4,4.1,0,2,Developing
3587,28,1,28.0,12,4.6,0,1,Low Value
3588,90,1,90.0,33,4.4,0,2,Premium
3589,55,1,55.0,40,3.5,0,2,Developing
3590,73,1,73.0,38,4.8,0,1,High Value
3591,87,1,87.0,19,2.9,0,1,Premium
3592,89,1,89.0,38,3.2,0,2,Premium
3593,82,1,82.0,18,4.4,0,1,Premium
3594,80,1,80.0,24,4.6,0,1,High Value
3595,87,1,87.0,29,2.6,0,2,Premium
3596,41,1,41.0,14,3.1,0,2,Developing
3597,83,1,83.0,44,4.3,0,1,Premium
3598,71,1,71.0,18,3.1,0,2,High Value
3599,76,1,76.0,19,4.6,0,1,High Value
3600,34,1,34.0,4,4.6,0,2,Low Value
3601,81,1,81.0,25,2.7,0,1,High Value
3602,47,1,47.0,3,3.0,0,2,Developing
3603,36,1,36.0,40,3.3,0,2,Low Value
3604,51,1,51.0,5,2.7,0,2,Developing
3605,86,1,86.0,17,3.3,0,2,Premium
3606,41,1,41.0,36,4.3,0,1,Developing
3607,90,1,90.0,41,4.8,0,2,Premium
3608,93,1,93.0,20,3.3,0,1,Premium
3609,56,1,56.0,2,4.3,0,2,Developing
3610,39,1,39.0,31,3.0,0,1,Low Value
3611,86,1,86.0,23,4.8,0,1,Premium
3612,82,1,82.0,30,2.9,0,2,Premium
3613,29,1,29.0,26,3.6,0,1,Low Value
3614,27,1,27.0,40,3.5,0,2,Low Value
3615,25,1,25.0,19,4.7,0,2,Low Value
3616,31,1,31.0,4,4.4,0,2,Low Value
3617,23,1,23.0,33,3.3,0,1,Low Value
3618,47,1,47.0,29,4.3,0,1,Developing
3619,67,1,67.0,47,4.0,0,1,High Value
3620,75,1,75.0,50,4.9,0,1,High Value
3621,82,1,82.0,28,2.9,0,1,Premium
3622,32,1,32.0,5,4.0,0,2,Low Value
3623,41,1,41.0,12,4.3,0,2,Developing
3624,89,1,89.0,4,2.7,0,2,Premium
3625,82,1,82.0,22,5.0,0,1,Premium
3626,99,1,99.0,32,4.4,0,1,Premium
3627,98,1,98.0,32,3.5,0,2,Premium
3628,54,1,54.0,48,3.3,0,1,Developing
3629,88,1,88.0,35,3.8,0,1,Premium
3630,43,1,43.0,44,4.5,0,1,Developing
3631,73,1,73.0,29,4.8,0,1,High Value
3632,50,1,50.0,26,2.9,0,1,Developing
3633,73,1,73.0,3,3.2,0,3,High Value
3634,51,1,51.0,1,2.8,0,2,Developing
3635,22,1,22.0,17,3.3,0,2,Low Value
3636,32,1,32.0,17,3.3,0,1,Low Value
3637,38,1,38.0,36,4.2,0,1,Low Value
3638,66,1,66.0,32,3.6,0,1,High Value
3639,20,1,20.0,50,4.6,0,1,Low Value
3640,44,1,44.0,39,3.6,0,2,Developing
3641,31,1,31.0,17,4.0,0,1,Low Value
3642,45,1,45.0,39,2.7,0,1,Developing
3643,71,1,71.0,5,4.4,0,3,High Value
3644,96,1,96.0,47,3.2,0,2,Premium
3645,32,1,32.0,18,2.6,0,1,Low Value
3646,90,1,90.0,31,3.4,0,1,Premium
3647,68,1,68.0,39,5.0,0,1,High Value
3648,45,1,45.0,12,2.9,0,1,Developing
3649,67,1,67.0,45,5.0,0,1,High Value
3650,57,1,57.0,33,4.4,0,1,Developing
3651,60,1,60.0,3,3.5,0,3,Developing
3652,32,1,32.0,5,3.8,0,2,Low Value
3653,29,1,29.0,23,3.8,0,1,Low Value
3654,20,1,20.0,39,3.9,0,1,Low Value
3655,98,1,98.0,10,3.3,0,3,Premium
3656,27,1,27.0,4,2.9,0,2,Low Value
3657,67,1,67.0,18,3.7,0,1,High Value
3658,82,1,82.0,1,3.7,0,2,Premium
3659,72,1,72.0,18,4.6,0,1,High Value
3660,77,1,77.0,46,4.9,0,2,High Value
3661,74,1,74.0,13,3.1,0,1,High Value
3662,39,1,39.0,5,3.5,0,2,Low Value
3663,80,1,80.0,11,4.9,0,1,High Value
3664,59,1,59.0,49,4.4,0,1,Developing
3665,68,1,68.0,1,4.4,0,2,High Value
3666,77,1,77.0,11,3.4,0,2,High Value
3667,50,1,50.0,47,3.0,0,1,Developing
3668,45,1,45.0,20,2.6,0,1,Developing
3669,71,1,71.0,18,3.2,0,2,High Value
3670,52,1,52.0,43,4.6,0,2,Developing
3671,50,1,50.0,4,3.8,0,2,Developing
3672,66,1,66.0,20,4.8,0,2,High Value
3673,81,1,81.0,7,4.5,0,2,High Value
3674,28,1,28.0,31,4.2,0,1,Low Value
3675,65,1,65.0,41,2.7,0,1,High Value
3676,80,1,80.0,3,4.5,0,2,High Value
3677,94,1,94.0,16,4.9,0,1,Premium
3678,30,1,30.0,43,2.8,0,2,Low Value
3679,45,1,45.0,29,3.5,0,1,Developing
3680,91,1,91.0,5,2.5,0,2,Premium
3681,36,1,36.0,30,2.9,0,2,Low Value
3682,73,1,73.0,33,4.2,0,1,High Value
3683,60,1,60.0,46,4.6,0,1,Developing
3684,77,1,77.0,17,3.0,0,1,High Value
3685,86,1,86.0,47,4.4,0,1,Premium
3686,42,1,42.0,17,2.6,0,1,Developing
3687,70,1,70.0,17,4.8,0,1,High Value
3688,44,1,44.0,28,2.9,0,1,Developing
3689,91,1,91.0,8,3.0,0,2,Premium
3690,30,1,30.0,8,4.5,0,3,Low Value
3691,23,1,23.0,4,3.7,0,2,Low Value
3692,21,1,21.0,24,4.8,0,1,Low Value
3693,34,1,34.0,29,4.8,0,1,Low Value
3694,46,1,46.0,10,4.7,0,2,Developing
3695,41,1,41.0,11,2.6,0,1,Developing
3696,33,1,33.0,18,4.6,0,1,Low Value
3697,48,1,48.0,26,3.4,0,2,Developing
3698,66,1,66.0,39,3.0,0,1,High Value
3699,54,1,54.0,4,4.0,0,3,Developing
3700,55,1,55.0,24,2.6,0,1,Developing
3701,84,1,84.0,2,3.4,0,2,Premium
3702,66,1,66.0,36,4.5,0,2,High Value
3703,65,1,65.0,36,2.7,0,1,High Value
3704,83,1,83.0,23,2.9,0,1,Premium
3705,61,1,61.0,36,4.0,0,2,High Value
3706,65,1,65.0,2,3.2,0,3,High Value
3707,55,1,55.0,17,4.0,0,1,Developing
3708,79,1,79.0,19,3.4,0,1,High Value
3709,96,1,96.0,41,4.9,0,1,Premium
3710,43,1,43.0,27,3.6,0,2,Developing
3711,40,1,40.0,32,3.6,0,1,Developing
3712,62,1,62.0,33,3.2,0,2,High Value
3713,72,1,72.0,24,3.7,0,2,High Value
3714,87,1,87.0,31,2.6,0,1,Premium
3715,31,1,31.0,35,3.9,0,1,Low Value
3716,34,1,34.0,2,3.4,0,2,Low Value
3717,53,1,53.0,42,3.4,0,1,Developing
3718,85,1,85.0,47,4.2,0,1,Premium
3719,50,1,50.0,44,2.9,0,1,Developing
3720,91,1,91.0,8,4.1,0,2,Premium
3721,56,1,56.0,13,3.6,0,2,Developing
3722,60,1,60.0,10,4.0,0,3,Developing
3723,34,1,34.0,1,4.0,0,2,Low Value
3724,30,1,30.0,1,3.6,0,2,Low Value
3725,71,1,71.0,18,3.1,0,2,High Value
3726,100,1,100.0,2,4.4,0,3,Premium
3727,85,1,85.0,36,4.3,0,1,Premium
3728,83,1,83.0,17,3.5,0,1,Premium
3729,31,1,31.0,1,3.0,0,3,Low Value
3730,82,1,82.0,50,4.7,0,2,Premium
3731,79,1,79.0,3,2.5,0,2,High Value
3732,62,1,62.0,45,3.1,0,2,High Value
3733,92,1,92.0,28,3.3,0,2,Premium
3734,58,1,58.0,6,4.7,0,2,Developing
3735,88,1,88.0,33,3.4,0,1,Premium
3736,44,1,44.0,29,3.1,0,2,Developing
3737,56,1,56.0,2,4.6,0,2,Developing
3738,23,1,23.0,43,4.9,0,1,Low Value
3739,45,1,45.0,48,2.7,0,1,Developing
3740,31,1,31.0,43,4.2,0,1,Low Value
3741,96,1,96.0,26,2.6,0,1,Premium
3742,96,1,96.0,26,3.2,0,1,Premium
3743,80,1,80.0,50,4.4,0,1,High Value
3744,28,1,28.0,36,3.6,0,2,Low Value
3745,51,1,51.0,26,2.7,0,1,Developing
3746,41,1,41.0,2,4.3,0,2,Developing
3747,99,1,99.0,49,2.6,0,1,Premium
3748,53,1,53.0,32,4.3,0,1,Developing
3749,25,1,25.0,3,3.9,0,3,Low Value
3750,95,1,95.0,38,2.9,0,1,Premium
3751,88,1,88.0,5,3.1,0,2,Premium
3752,97,1,97.0,8,4.2,0,2,Premium
3753,81,1,81.0,43,4.1,0,1,High Value
3754,26,1,26.0,22,4.2,0,1,Low Value
3755,41,1,41.0,10,4.4,0,2,Developing
3756,93,1,93.0,26,3.4,0,1,Premium
3757,69,1,69.0,42,4.8,0,1,High Value
3758,44,1,44.0,33,4.5,0,1,Developing
3759,54,1,54.0,23,2.7,0,2,Developing
3760,61,1,61.0,30,3.5,0,2,High Value
3761,80,1,80.0,36,3.1,0,1,High Value
3762,30,1,30.0,3,2.8,0,2,Low Value
3763,94,1,94.0,13,2.9,0,2,Premium
3764,24,1,24.0,38,4.5,0,1,Low Value
3765,21,1,21.0,19,3.5,0,1,Low Value
3766,52,1,52.0,14,4.3,0,1,Developing
3767,59,1,59.0,43,4.9,0,2,Developing
3768,51,1,51.0,10,3.1,0,2,Developing
3769,35,1,35.0,34,4.0,0,2,Low Value
3770,87,1,87.0,31,3.6,0,2,Premium
3771,42,1,42.0,34,4.0,0,1,Developing
3772,86,1,86.0,28,2.6,0,1,Premium
3773,26,1,26.0,35,3.1,0,2,Low Value
3774,60,1,60.0,41,3.5,0,2,Developing
3775,83,1,83.0,48,3.9,0,1,Premium
3776,63,1,63.0,45,2.7,0,2,High Value
3777,25,1,25.0,10,4.1,0,2,Low Value
3778,65,1,65.0,9,4.3,0,2,High Value
3779,60,1,60.0,30,2.9,0,2,Developing
3780,75,1,75.0,45,4.0,0,2,High Value
3781,57,1,57.0,41,4.1,0,2,Developing
3782,99,1,99.0,40,3.7,0,1,Premium
3783,45,1,45.0,42,2.8,0,1,Developing
3784,66,1,66.0,17,3.2,0,1,High Value
3785,53,1,53.0,4,4.5,0,3,Developing
3786,94,1,94.0,6,3.8,0,2,Premium
3787,47,1,47.0,22,3.6,0,1,Developing
3788,80,1,80.0,46,3.6,0,1,High Value
3789,65,1,65.0,27,3.2,0,1,High Value
3790,75,1,75.0,18,3.8,0,1,High Value
3791,45,1,45.0,31,4.4,0,1,Developing
3792,51,1,51.0,1,3.7,0,2,Developing
3793,58,1,58.0,2,2.6,0,2,Developing
3794,20,1,20.0,46,4.0,0,2,Low Value
3795,82,1,82.0,27,3.6,0,1,Premium
3796,92,1,92.0,3,2.5,0,2,Premium
3797,81,1,81.0,47,3.2,0,2,High Value
3798,44,1,44.0,20,2.5,0,2,Developing
3799,72,1,72.0,23,3.2,0,2,High Value
3800,26,1,26.0,13,2.6,0,1,Low Value
3801,26,1,26.0,12,4.8,0,1,Low Value
3802,84,1,84.0,36,5.0,0,1,Premium
3803,72,1,72.0,1,3.2,0,2,High Value
3804,55,1,55.0,14,3.6,0,1,Developing
3805,77,1,77.0,45,2.7,0,2,High Value
3806,57,1,57.0,31,3.1,0,2,Developing
3807,71,1,71.0,41,3.0,0,1,High Value
3808,39,1,39.0,36,2.9,0,2,Low Value
3809,28,1,28.0,6,4.7,0,2,Low Value
3810,33,1,33.0,28,3.7,0,2,Low Value
3811,79,1,79.0,29,3.9,0,1,High Value
3812,30,1,30.0,14,4.0,0,1,Low Value
3813,75,1,75.0,7,2.8,0,2,High Value
3814,89,1,89.0,31,4.1,0,1,Premium
3815,95,1,95.0,26,4.2,0,1,Premium
3816,44,1,44.0,12,4.3,0,1,Developing
3817,86,1,86.0,45,4.3,0,1,Premium
3818,91,1,91.0,40,2.6,0,2,Premium
3819,41,1,41.0,42,3.8,0,1,Developing
3820,99,1,99.0,45,2.9,0,2,Premium
3821,65,1,65.0,34,5.0,0,2,High Value
3822,48,1,48.0,34,4.6,0,1,Developing
3823,41,1,41.0,17,3.2,0,1,Developing
3824,42,1,42.0,27,3.0,0,1,Developing
3825,26,1,26.0,31,4.0,0,2,Low Value
3826,35,1,35.0,47,4.1,0,1,Low Value
3827,31,1,31.0,25,4.0,0,2,Low Value
3828,73,1,73.0,47,4.1,0,1,High Value
3829,82,1,82.0,8,3.4,0,2,Premium
3830,32,1,32.0,32,2.9,0,1,Low Value
3831,27,1,27.0,33,3.0,0,1,Low Value
3832,86,1,86.0,16,4.0,0,1,Premium
3833,38,1,38.0,27,4.8,0,1,Low Value
3834,93,1,93.0,17,4.6,0,1,Premium
3835,59,1,59.0,17,4.1,0,2,Developing
3836,58,1,58.0,28,2.6,0,1,Developing
3837,84,1,84.0,38,2.5,0,1,Premium
3838,100,1,100.0,33,4.8,0,1,Premium
3839,25,1,25.0,24,4.2,0,1,Low Value
3840,29,1,29.0,14,3.9,0,2,Low Value
3841,42,1,42.0,5,3.7,0,2,Developing
3842,57,1,57.0,8,4.2,0,2,Developing
3843,84,1,84.0,42,4.2,0,1,Premium
3844,71,1,71.0,48,4.0,0,1,High Value
3845,87,1,87.0,40,5.0,0,2,Premium
3846,52,1,52.0,46,4.9,0,2,Developing
3847,58,1,58.0,40,4.0,0,1,Developing
3848,34,1,34.0,31,3.2,0,1,Low Value
3849,60,1,60.0,39,3.0,0,1,Developing
3850,68,1,68.0,36,2.6,0,1,High Value
3851,74,1,74.0,25,4.4,0,1,High Value
3852,83,1,83.0,24,3.9,0,2,Premium
3853,79,1,79.0,19,4.0,0,1,High Value
3854,76,1,76.0,49,4.0,0,1,High Value
3855,20,1,20.0,4,4.2,0,3,Low Value
3856,61,1,61.0,36,4.4,0,2,High Value
3857,78,1,78.0,8,2.5,0,3,High Value
3858,21,1,21.0,29,3.1,0,1,Low Value
3859,77,1,77.0,26,3.5,0,2,High Value
3860,88,1,88.0,47,3.0,0,1,Premium
3861,64,1,64.0,44,4.4,0,2,High Value
3862,57,1,57.0,49,4.9,0,1,Developing
3863,49,1,49.0,9,2.8,0,2,Developing
3864,35,1,35.0,28,3.3,0,1,Low Value
3865,99,1,99.0,1,4.9,0,2,Premium
3866,42,1,42.0,28,4.2,0,1,Developing
3867,32,1,32.0,33,3.3,0,1,Low Value
3868,21,1,21.0,28,2.7,0,1,Low Value
3869,29,1,29.0,9,3.3,0,3,Low Value
3870,64,1,64.0,28,3.8,0,2,High Value
3871,46,1,46.0,19,3.2,0,1,Developing
3872,97,1,97.0,20,4.1,0,1,Premium
3873,94,1,94.0,3,4.3,0,2,Premium
3874,43,1,43.0,22,4.0,0,1,Developing
3875,54,1,54.0,33,3.9,0,1,Developing
3876,51,1,51.0,21,3.3,0,2,Developing
3877,85,1,85.0,7,2.6,0,3,Premium
3878,96,1,96.0,46,4.2,0,1,Premium
3879,42,1,42.0,24,3.4,0,2,Developing
3880,63,1,63.0,6,4.1,0,3,High Value
3881,20,1,20.0,40,3.9,0,1,Low Value
3882,25,1,25.0,17,2.8,0,1,Low Value
3883,95,1,95.0,24,2.6,0,1,Premium
3884,38,1,38.0,22,4.0,0,1,Low Value
3885,29,1,29.0,3,4.9,0,2,Low Value
3886,64,1,64.0,39,3.2,0,2,High Value
3887,92,1,92.0,40,3.9,0,2,Premium
3888,34,1,34.0,1,2.7,0,3,Low Value
3889,69,1,69.0,14,3.4,0,1,High Value
3890,65,1,65.0,49,3.5,0,2,High Value
3891,81,1,81.0,33,2.6,0,2,High Value
3892,30,1,30.0,6,4.7,0,3,Low Value
3893,86,1,86.0,5,3.5,0,2,Premium
3894,64,1,64.0,29,3.3,0,1,High Value
3895,78,1,78.0,44,3.9,0,1,High Value
3896,28,1,28.0,32,4.2,0,1,Low Value
3897,49,1,49.0,41,4.5,0,1,Developing
3898,33,1,33.0,24,2.9,0,2,Low Value
3899,77,1,77.0,24,3.8,0,1,High Value
3900,81,1,81.0,33,3.1,0,2,High Value
